/*
Navicat MySQL Data Transfer

Source Server         : 127.0.0.1
Source Server Version : 50051
Source Host           : localhost:3306
Source Database       : lensic_cn

Target Server Type    : MYSQL
Target Server Version : 50051
File Encoding         : 65001

Date: 2015-03-19 21:02:59
*/

SET FOREIGN_KEY_CHECKS=0;

-- ----------------------------
-- Table structure for admin
-- ----------------------------
DROP TABLE IF EXISTS `admin`;
CREATE TABLE `admin` (
  `id` int(10) unsigned NOT NULL auto_increment COMMENT '用户编号',
  `username` varchar(20) NOT NULL COMMENT '用户名',
  `password` char(32) NOT NULL COMMENT '密码',
  `power_group_id` tinyint(3) NOT NULL COMMENT '权限组编号',
  `status` tinyint(3) unsigned NOT NULL default '1' COMMENT '管理员状态，1 = 正常，2 = 关闭',
  PRIMARY KEY  (`id`)
) ENGINE=MyISAM AUTO_INCREMENT=10 DEFAULT CHARSET=utf8 COMMENT='管理员表';

-- ----------------------------
-- Records of admin
-- ----------------------------
INSERT INTO `admin` VALUES ('1', 'admin', '840f001374d43a287f4aa4dbf6812b73', '1', '1');
INSERT INTO `admin` VALUES ('2', 'hong', '840f001374d43a287f4aa4dbf6812b73', '1', '1');
INSERT INTO `admin` VALUES ('3', 'xxxrhong', '840f001374d43a287f4aa4dbf6812b73', '1', '1');
INSERT INTO `admin` VALUES ('4', 'laoshi', '840f001374d43a287f4aa4dbf6812b73', '10', '1');
INSERT INTO `admin` VALUES ('5', 'diana', '840f001374d43a287f4aa4dbf6812b73', '13', '1');
INSERT INTO `admin` VALUES ('6', 'dalehong', '840f001374d43a287f4aa4dbf6812b73', '13', '1');
INSERT INTO `admin` VALUES ('7', 'zixunshi', '840f001374d43a287f4aa4dbf6812b73', '2', '1');

-- ----------------------------
-- Table structure for config_common
-- ----------------------------
DROP TABLE IF EXISTS `config_common`;
CREATE TABLE `config_common` (
  `site_resources` varchar(20) default NULL COMMENT '公共外部资源存放文件夹，位于根目录下',
  `site_static` varchar(20) default NULL COMMENT '（公共、前端、后端）样式、图片、脚本存放文件夹，位于根目录下',
  `site_uploads` varchar(20) default NULL COMMENT '公共上传文件夹，位于根目录下',
  `site_themes` varchar(20) default NULL COMMENT '前端存放主题文件夹，位于根目录下',
  `site_encryption_key_begin` varchar(20) default NULL COMMENT '开始密钥',
  `site_encryption_key_end` varchar(20) default NULL COMMENT '结束密钥',
  `site_upload_image_size` int(10) unsigned NOT NULL default '1048576' COMMENT '上传图片大小',
  `site_upload_flash_size` int(10) unsigned NOT NULL default '1048576' COMMENT '上传动画大小',
  `site_upload_media_size` int(10) unsigned NOT NULL default '1048576' COMMENT '上传视频大小',
  `site_upload_file_size` int(10) unsigned NOT NULL default '1048576' COMMENT '上传文件大小'
) ENGINE=MyISAM DEFAULT CHARSET=utf8 COMMENT='站点公共配置表';

-- ----------------------------
-- Records of config_common
-- ----------------------------
INSERT INTO `config_common` VALUES ('resources', 'static', 'uploads', 'themes', 'bceogdiinnnging', 'ceondding', '1048576', '1048576', '1048576', '1048576');

-- ----------------------------
-- Table structure for config_site
-- ----------------------------
DROP TABLE IF EXISTS `config_site`;
CREATE TABLE `config_site` (
  `site_name` varchar(50) default NULL COMMENT '站点名称',
  `site_logo` varchar(50) default NULL COMMENT '站点logo，位于 site_static 的前端主题下',
  `site_icp` varchar(50) default NULL COMMENT '站点备案号',
  `site_statistical_code` text COMMENT '站点统计代码',
  `site_share_code` text COMMENT '站点分享代码',
  `site_keywords` varchar(200) default NULL COMMENT '站点关键字',
  `site_description` varchar(200) default NULL COMMENT '站点描述',
  `site_status` tinyint(3) unsigned NOT NULL default '1' COMMENT '站点状态，1 = 正常，2 = 关闭',
  `site_close_reason` varchar(200) default NULL COMMENT '站点关闭原因',
  `site_reg_agreement` text COMMENT '站点注册协议',
  `site_theme` varchar(20) default NULL COMMENT '站点主题，位于 site_themes 下'
) ENGINE=MyISAM DEFAULT CHARSET=utf8 COMMENT='站点配置表';

-- ----------------------------
-- Records of config_site
-- ----------------------------
INSERT INTO `config_site` VALUES ('向阳生涯', 'images/logo.png', '', '', '', '', '', '1', '网站维护升级中...', '', 'default');

-- ----------------------------
-- Table structure for config_site_admin
-- ----------------------------
DROP TABLE IF EXISTS `config_site_admin`;
CREATE TABLE `config_site_admin` (
  `site_admin_name` varchar(50) default NULL COMMENT '站点后台名称',
  `site_admin_logo` varchar(50) default NULL COMMENT '站点后台logo，位于 site_static 的后端主题下',
  `site_admin_theme` varchar(20) default NULL COMMENT '站点后台主题，位于后台视图下'
) ENGINE=MyISAM DEFAULT CHARSET=utf8 COMMENT='站点后台配置表';

-- ----------------------------
-- Records of config_site_admin
-- ----------------------------
INSERT INTO `config_site_admin` VALUES ('在线测评系统', 'images/logo.png', 'default');

-- ----------------------------
-- Table structure for cp_cykxx
-- ----------------------------
DROP TABLE IF EXISTS `cp_cykxx`;
CREATE TABLE `cp_cykxx` (
  `id` int(10) NOT NULL auto_increment,
  `mid` int(10) default NULL COMMENT '用户ID',
  `uname` varchar(20) default NULL COMMENT '姓名',
  `result` int(4) default NULL COMMENT '测评结果',
  `answer` varchar(255) default NULL COMMENT '答案',
  `uptime` int(10) default NULL COMMENT '更新时间',
  PRIMARY KEY  (`id`),
  KEY `mid` (`mid`)
) ENGINE=MyISAM AUTO_INCREMENT=12 DEFAULT CHARSET=utf8;

-- ----------------------------
-- Records of cp_cykxx
-- ----------------------------
INSERT INTO `cp_cykxx` VALUES ('10', '13', '洪向荣', '80', '1,1,1,1,1,1,1,1,1,1,1,1,1,1,1,1,1,1,1,1,1,1,3,3', '1424940443');
INSERT INTO `cp_cykxx` VALUES ('11', '10', '洪向荣', '31', '1,1,1,1,1,1,1,1,1,1,1,1,1,1,1,1,1,1,1,1,1,1,3,3', '1425267770');

-- ----------------------------
-- Table structure for cp_hld
-- ----------------------------
DROP TABLE IF EXISTS `cp_hld`;
CREATE TABLE `cp_hld` (
  `id` int(10) NOT NULL auto_increment,
  `mid` int(10) default NULL COMMENT '用户ID',
  `uname` varchar(20) default NULL COMMENT '姓名',
  `zy1` text,
  `qxd1` tinyint(2) default NULL,
  `liyou1` text,
  `zy2` varchar(255) default NULL,
  `qxd2` tinyint(2) default NULL,
  `liyou2` text,
  `zy3` varchar(2) default NULL,
  `qxd3` tinyint(2) default NULL,
  `liyou3` text,
  `xingqu` text,
  `shanchang` text,
  `xihuan` text,
  `leixing` text,
  `jiazhi` text,
  `R` tinyint(2) default NULL,
  `I` tinyint(2) default NULL,
  `A` tinyint(2) default NULL,
  `S` tinyint(2) default NULL,
  `E` tinyint(2) default NULL,
  `C` tinyint(2) default NULL,
  `uptime` int(10) default NULL COMMENT '更新时间',
  PRIMARY KEY  (`id`),
  KEY `mid` (`mid`)
) ENGINE=MyISAM AUTO_INCREMENT=20 DEFAULT CHARSET=utf8 COMMENT='职业规划分析表';

-- ----------------------------
-- Records of cp_hld
-- ----------------------------
INSERT INTO `cp_hld` VALUES ('5', '3', '洪向荣', '主要问题：主要问题：主要问题：主要问题：主要问题：主要问题：主要问题：主要问题：', '0', '2、当初你是如何选择现在这个专业/职业的（学习的/工作的）？', '3、你满意自己现在的学习状况吗？为什么？有没有偏科情况？对哪些学科很感兴趣或不感兴趣？', '4', '5、你对什么特别感兴趣？你认为自己有什么特长？', '6、', '6', '8、你现在或前不久或准备参加的培训课程，你是如何选择的？你想参加此类培训目的是什么？', '8、你现在或前不久或准备参加的培训课程，你是如何选择的？你想参加此类培训目的是什么？', '8、你现在或前不久或准备参加的培训课程，你是如何选择的？你想参加此类培训目的是什么？', '你想参加此类培训目的是什么？', '你想参加此类培训目的是什么？', '你想参加此类培训目的是什么？', '0', '0', '0', '0', '0', '0', '1417163842');
INSERT INTO `cp_hld` VALUES ('6', null, null, '1', '2', '1', '2', '2', '2', '3', '3', '3', '1||2||1||1||1||1', '1||1||1,1||1,1||1,1,1||1,1', '1||1,1||1,1||1,1||1,1||1,1', '3||7||6||7||7||6||6||6||1||1||5||6', '工资高、福利好||有较高的社会地位||社会需要与社会贡献大||工作不太紧张、外部压力少', null, null, null, null, null, null, null);
INSERT INTO `cp_hld` VALUES ('7', null, null, '职业/专业1', '1', '职业/专业1', '职业/专业2', '2', '职业/专业2', '职业', '3', '职业/专业3', '1,2,4||6,8,9||7,8||5,7||7,8||9,10', '2||4,5,7||5,7,8||||8||3,4,6', '6||9||||||1,3,6,7||2,3,4,5,6,7', '4||5||4||3||5||5||3||3||3||3||3||3', '工作稳定有保障||工作环境（物质方面）舒适||能提供较好的受教育机会||有较高的社会地位', null, null, null, null, null, null, null);
INSERT INTO `cp_hld` VALUES ('8', null, null, '职业/专业1', '1', '职业/专业1', '职业/专业2', '2', '职业/专业2', '职业', '3', '职业/专业3', '1,2,4||6,8,9||7,8||5,7||7,8||9,10', '2||4,5,7||5,7,8||||8||3,4,6', '6||9||||||1,3,6,7||2,3,4,5,6,7', '4||5||4||3||5||5||3||3||3||3||3||3', '工作稳定有保障||工作环境（物质方面）舒适||能提供较好的受教育机会||有较高的社会地位', null, null, null, null, null, null, '1417244679');
INSERT INTO `cp_hld` VALUES ('9', null, null, '职业/专业1', '1', '职业/专业1', '职业/专业2', '2', '职业/专业2', '职业', '3', '职业/专业3', '1,2,4||6,8,9||7,8||5,7||7,8||9,10', '2||4,5,7||5,7,8||||8||3,4,6', '6||9||||||1,3,6,7||2,3,4,5,6,7', '4||5||4||3||5||5||3||3||3||3||3||3', '工作稳定有保障||工作环境（物质方面）舒适||能提供较好的受教育机会||有较高的社会地位', null, null, null, null, null, null, '1417244761');
INSERT INTO `cp_hld` VALUES ('10', null, null, '职业/专业1', '1', '职业/专业1', '职业/专业2', '2', '职业/专业2', '职业', '3', '职业/专业3', '1,2,4||6,8,9||7,8||5,7||7,8||9,10', '2||4,5,7||5,7,8||||8||3,4,6', '6||9||||||1,3,6,7||2,3,4,5,6,7', '4||5||4||3||5||5||3||3||3||3||3||3', '工作稳定有保障||工作环境（物质方面）舒适||能提供较好的受教育机会||有较高的社会地位', null, null, null, null, null, null, '1417244778');
INSERT INTO `cp_hld` VALUES ('11', '3', '洪向荣', '', '2', '', '', '2', '', '', '2', '', '||||||||||', '||||||||||', '||||||||||', '||||||||||||||||||||||', '||||||', null, null, null, null, null, null, '1417245031');
INSERT INTO `cp_hld` VALUES ('12', '3', '洪向荣', '', '2', '', '', '2', '', '', '2', '', '||8||||||||', '||6,7,8,9||||||||', '||||||||||', '||||||||||||||||||||||', '||||||', null, null, null, null, null, null, '1417245145');
INSERT INTO `cp_hld` VALUES ('13', '3', '洪向荣', '是的风格', '2', '是的风格', '', '5', '是的风格', '大概', '2', '是的风格', '5||4,8||||||9||', '||6,7,8,9||||||9||', '||5,7,8||||||||', '||7||||4||||||||||||||||', '||||工作稳定有保障||', null, null, null, null, null, null, '1417245275');
INSERT INTO `cp_hld` VALUES ('14', '3', '洪向荣', '职业/专业1', '1', '职业/专业1', '职业/专业2', '2', '职业/专业2', '职业', '3', '职业/专业3', '1,2,4,5||6,8,9||7,8||5,7||7,8||9,10', '2,4,6||4,5,7||5,7,8||||8||3,4,6', '4,6||9||||4,6,7,8||1,3,6,7||2,3,4,5,6,7', '7||5||4||3||5||5||2||3||3||3||3||3', '工作稳定有保障||工作稳定有保障||能提供较好的受教育机会||有较高的社会地位', '18', '12', '13', '15', '14', '19', '1417246114');
INSERT INTO `cp_hld` VALUES ('15', '3', '洪向荣', '职业/专业1', '1', '职业/专业1', '职业/专业2', '2', '职业/专业2', '职业', '3', '职业/专业3', '1,2,4,5||||7,8||5,7||7,8||9,10', '2,4,6||4,5,7||5,7,8||||8||3,4,6', '4,6||9||||4,6,7,8||1,3,6,7||2,3,4,5,6,7', '7||5||4||3||5||5||2||3||3||3||3||3', '工作稳定有保障||工作稳定有保障||能提供较好的受教育机会||有较高的社会地位', '18', '12', '13', '15', '14', '19', '1417246213');
INSERT INTO `cp_hld` VALUES ('16', '7', '洪向荣', '', null, '', '', null, '', '', null, '', '1,2,4||2,3,6,7,8,9,10||1||1,6,7||1,2,3,5||1,2,4,9', '2,3,5,6,7,8||1,2,3,6,8,10||5,6||1,2,4||4,6,7,9||1,8', '||||||||||', '5||7||1||6||3||4||1||4||2||3||5||6', '能充分发挥自己的能力特长||工资高、福利好||工作稳定有保障||有较高的社会地位', '15', '6', '17', '24', '14', '16', '1418804752');
INSERT INTO `cp_hld` VALUES ('17', '10', null, '', '3', '', '', '1', '', '', '3', '', '3,4,6,8||4,7,9||3,6,8||4,5,7,8||2,3||4', '1,2,3,4,5,6,8,10||2,7,8,9,10||2,6,8||1,3,4,5||3,4||1,5,8', '3,4,6,7||4,7||4,5,7||2,4||4,5||4,5', '4||6||3||3||4||2||5||3||4||4||2||4', '能提供较好的受教育机会||能提供较好的受教育机会||能提供较好的受教育机会||能提供较好的受教育机会', '25', '16', '13', '19', '16', '12', '1423195103');
INSERT INTO `cp_hld` VALUES ('18', '10', '洪向荣', '', null, '', '', null, '', '', null, '', '||||||||4||', '||2||||||||', '||||||||||', '5||3||3||3||4||5||4||2||4||2||2||4', '工作稳定有保障||工作稳定有保障||工作稳定有保障||工作稳定有保障', '9', '7', '6', '6', '6', '9', '1423731627');
INSERT INTO `cp_hld` VALUES ('19', '10', '洪向荣', '', null, '', '', null, '', '', null, '', '||||||||||', '||||||||||', '||||||||||', '3||7||5||5||3||4||4||1||4||4||4||4', '能提供较好的受教育机会||能提供较好的受教育机会||工作稳定有保障||工作稳定有保障', '7', '9', '9', '8', '7', '8', '1425541395');

-- ----------------------------
-- Table structure for cp_mbti
-- ----------------------------
DROP TABLE IF EXISTS `cp_mbti`;
CREATE TABLE `cp_mbti` (
  `id` int(10) NOT NULL auto_increment,
  `mid` int(10) default NULL COMMENT '用户ID',
  `uname` varchar(20) default NULL COMMENT '姓名',
  `E` float(3,1) default NULL,
  `I` float(3,1) default NULL,
  `S` float(3,1) default NULL,
  `N` float(3,1) default NULL,
  `T` float(3,1) default NULL,
  `F` float(3,1) default NULL,
  `J` float(3,1) default NULL,
  `P` float(3,1) default NULL,
  `result` varchar(4) default NULL COMMENT '测评结果',
  `answer` varchar(255) default NULL COMMENT '答案',
  `uptime` int(10) default NULL COMMENT '更新时间',
  `age` int(3) default NULL COMMENT '年龄',
  `shifou` varchar(255) default NULL COMMENT '其它选项',
  PRIMARY KEY  (`id`),
  KEY `mid` (`mid`)
) ENGINE=MyISAM AUTO_INCREMENT=27 DEFAULT CHARSET=utf8;

-- ----------------------------
-- Records of cp_mbti
-- ----------------------------
INSERT INTO `cp_mbti` VALUES ('1', '3', '洪向荣', '7.5', '1.5', '3.2', '7.5', '5.2', '7.5', '3.6', '9.2', 'ENFP', '1,1,1,1,1,1,1,1,2,2,2,2,2,2,2,3,3,3,3,3,3,3,3,3,4,4,4,4,4,4,4,4,4,4,4,4,4,4,4,4,4,4,4,4,4,4,4,4,4,4,4,4,4,4,4,4', '1417064974', null, null);
INSERT INTO `cp_mbti` VALUES ('3', '7', '洪向荣', '6.1', '5.0', '6.1', '7.1', '6.8', '7.5', '5.0', '7.9', 'ENFP', '4,4,2,1,5,4,4,2,4,2,4,4,4,4,4,2,4,4,4,4,4,4,4,4,4,4,2,4,4,4,4,4,2,4,4,4,4,4,4,2,4,4,3,4,2,4,4,2,2,4,4,4,3,4,4,4', '1418802830', null, null);
INSERT INTO `cp_mbti` VALUES ('4', '7', '洪向荣', '5.4', '6.8', '6.4', '6.4', '7.5', '6.8', '6.8', '7.5', 'ENFP', '4,4,3,2,4,4,4,4,4,4,4,4,4,4,4,4,4,4,4,4,4,4,4,4,4,4,2,4,4,4,4,4,2,4,3,2,4,4,4,2,4,4,2,2,4,4,4,4,4,4,4,4,4,2,4,4', '1423188865', null, null);
INSERT INTO `cp_mbti` VALUES ('5', '10', null, '3.9', '4.6', '3.9', '5.4', '5.0', '5.4', '3.9', '5.0', 'INFP', '2,4,2,2,4,4,4,2,2,2,2,2,3,3,4,3,2,2,2,3,4,3,2,3,4,3,2,3,3,3,3,4,2,5,4,2,4,2,2,4,3,3,2,1,2,2,4,3,2,3,4,2,4,4,3,2', '1423194940', null, null);
INSERT INTO `cp_mbti` VALUES ('6', '12', null, '5.0', '5.0', '5.0', '5.0', '5.0', '5.0', '5.0', '5.0', 'INFP', '3,3,3,3,3,3,3,3,3,3,3,3,3,3,3,3,3,3,3,3,3,3,3,3,3,3,3,3,3,3,3,3,3,3,3,3,3,3,3,3,3,3,3,3,3,3,3,3,3,3,3,3,3,3,3,3', '1423471000', null, null);
INSERT INTO `cp_mbti` VALUES ('7', '10', '洪向荣', '5.4', '5.4', '5.4', '5.0', '5.0', '5.7', '5.0', '3.2', 'ISFJ', '1,3,4,4,3,1,1,1,1,1,1,1,1,5,5,5,5,5,5,4,4,4,2,1,1,2,4,5,5,5,5,5,5,5,4,4,1,1,1,2,4,4,3,3,3,2,2,2,2,2,1,1,2,4,5,5', '1423706596', null, null);
INSERT INTO `cp_mbti` VALUES ('8', '10', '洪向荣', '6.1', '6.1', '5.7', '6.1', '5.7', '6.1', '5.7', '5.7', 'INFP', '4,4,4,4,4,4,4,4,4,4,4,4,3,3,3,3,3,3,3,3,3,3,3,3,2,2,2,2,2,2,2,2,2,2,2,2,4,4,4,4,4,4,4,4,4,4,4,4,4,4,4,4,4,4,4,4', '1423877772', null, null);
INSERT INTO `cp_mbti` VALUES ('9', '13', null, '-2.5', '-2.5', '0.7', '-2.5', '0.7', '-2.5', '0.7', '0.7', 'ISTP', '4,4,4,4,4,4,4,4,4,4,4,4,3,3,3,3,3,3,3,3,3,3,3,3,2,2,2,2,2,2,2,2,2,2,2,2,4,4,4,4,4,4,4,4,4,4,4,4,4,4,4,4,4,4,4,4', '1424937678', null, null);
INSERT INTO `cp_mbti` VALUES ('10', '14', null, '5.4', '4.6', '8.2', '3.9', '8.2', '7.9', '8.2', '8.2', 'ESTP', '4,4,5,4,4,4,5,4,5,4,4,5,4,5,4,5,3,4,5,4,5,4,5,4,5,5,2,4,2,4,4,4,3,4,2,1,5,5,3,2,3,4,1,2,3,5,3,4,1,4,3,5,3,3,2,4', '1425017758', null, null);
INSERT INTO `cp_mbti` VALUES ('11', '15', '40407', '4.3', '4.3', '5.7', '4.3', '5.7', '4.3', '6.4', '6.1', 'ISTJ', '1,1,1,2,3,3,3,4,4,4,4,5,4,4,4,4,4,4,4,4,4,4,4,4,4,3,3,2,2,2,2,2,2,2,2,2,3,3,3,3,3,3,3,3,3,3,3,3,3,3,3,3,3,3,3,3', '1426496208', '0', null);
INSERT INTO `cp_mbti` VALUES ('15', '15', '40407', '6.4', '6.4', '5.0', '6.4', '5.0', '6.4', '5.0', '5.0', 'INFP', '3,3,3,3,3,3,3,3,3,3,3,3,3,3,3,3,3,3,3,3,3,3,3,3,3,3,3,3,3,3,3,3,3,3,3,3,3,3,3,3,4,4,4,4,4,4,4,4,4,4,4,4,4,4,4,4', '1426497322', '0', '不是的#@#不是的#@#是的#@#是的#@#是的');
INSERT INTO `cp_mbti` VALUES ('24', '15', '40407', '6.4', '6.4', '5.0', '6.4', '5.0', '6.4', '5.0', '5.0', 'INFP', '3,3,3,3,3,3,3,3,3,3,3,3,3,3,3,3,3,3,3,3,3,3,3,3,3,3,3,3,3,3,3,3,3,3,3,3,3,3,3,3,4,4,4,4,4,4,4,4,4,4,4,4,4,4,4,4', '1426497322', '0', '不是的#@#不是的#@#是的#@#是的#@#是的');

-- ----------------------------
-- Table structure for cp_mbti_result
-- ----------------------------
DROP TABLE IF EXISTS `cp_mbti_result`;
CREATE TABLE `cp_mbti_result` (
  `id` int(10) NOT NULL auto_increment,
  `type` varchar(10) default NULL COMMENT '结果类型',
  `title` varchar(100) default NULL COMMENT '标题',
  `tedian` text COMMENT ' 特点',
  `zhiye_title` varchar(255) default NULL COMMENT '适合职业 描述',
  `zhiye_nei` text COMMENT '适合职业 详细',
  `jianyi` text COMMENT '专家建议',
  PRIMARY KEY  (`id`),
  KEY `type` (`type`)
) ENGINE=MyISAM AUTO_INCREMENT=17 DEFAULT CHARSET=utf8;

-- ----------------------------
-- Records of cp_mbti_result
-- ----------------------------
INSERT INTO `cp_mbti_result` VALUES ('1', 'ENFJ', '教师/教导者（外向、直觉、情感、判断型）', '待人友善，性格开朗，内心充满了热情，愿意帮助别人，与人相处时话语亲切、措辞得体，易让人产生好感；<br/>极富同情心，周围的朋友遇到不快时愿意向您倾吐和诉说，您比较容易理解别人的感受，但有时也会受到他人坏情绪的影响而心情不好，有时也会因此而受到伤害；<br/>做事富有创造力，具有革新意识，独具匠心；做事很有主见，但有时也会因固执己见而使他人不悦；<br/>条理性强，注重程序，很具责任心，有爱心，对生活充满热情。<br/>您往往对自己很挑剔。不过，由于自认为要为别人的感情负责，所以很少在公众场合发表批评意见，您对行为的是非曲直明察秋毫，是社交高手。', '合适的工作是，工作中能建立温馨的人际关系，能使自己置身于自己信赖、且富有创意的人群中工作。希望工作多姿多彩，但又能有条不紊的干。', '广告客户主管、专员||杂志编辑||临床医师||职业规划师||公司培训专员||双语教师||大学教授（人文科学）||募捐者||销售经理||程序设计员||广告客户经理||协调人||作家/记者	||教师||健康从业人员||市场/营销人员||作家/新闻记者||社会工作者||人力资源工作者||电视制片人||人力资源开发培训人员||小企业经理||生态旅游业专家||公关专业人士||交流总裁||非营利机构总裁', '有时候您可能太过于专注于别人的感受，而使自己的情绪受到较大的波动，甚至影响工作的效率和开展，这时您需要坚定信念，减小他人坏情绪对您的影响。');
INSERT INTO `cp_mbti_result` VALUES ('2', 'ENFP', '倡导者/激发者（外向、直觉、情感、认知型）', '开朗、热情，温文而雅，擅于言表；<br/>对事物的接受能力强，对任何事物都充满了好奇，兴趣广泛，有情趣；<br/>非常富有同情心，易于察觉到事物的细微变化，但有时也会过于敏感而变得多疑；<br/>有较强的革新意识，富创新精神，遇事乐观，对某些事物有独特的看法；<br/>对不同环境的适应性强，能够很快融入新的团体；想法很多，但有时缺乏条理性。<br/>热情奔放，满脑子新观念。您乐观、率性、充满自信和创造性，能深刻认识到哪些事可为。<br/>您对灵感推崇备至，是天生的发明家。不墨守成规，善于创新路子。', '适合的工作是：在创造性灵感的推动下，与不同的人群合作从事各种项目；不喜欢从事需要自己亲自处理日常琐碎杂物的工作，喜欢按自己的工作节奏行事。', '广告客户主管||事业/职业发展顾问||管理顾问||教育软件开发人员||演员||新闻从业人员/杂志记者||图画设计||变革管理顾问||企业/团队培训人员||战略规划人员||职业规划师||艺术指导||临摹师||播音员	—团队培训师||住宅设计指导||心理学家||发明家||人力资源工作者||儿童福利顾问||人力资源经理||营销经理||广告客户经理||宣传人员||环保律师||研究助理||广告撰稿员||开发总裁', '有时候你会给别人说话过多的感觉，但处理事情却没有那么条理，这是你的一个弱点，所以在工作上你适合与性格比较开朗的人交往。');
INSERT INTO `cp_mbti_result` VALUES ('3', 'ENTJ', '统帅/调度者（外向、直觉、思考、判断型）', '与人友好，诚实可信，与人交往直率坦言；有极强的意志力，信念坚定，不易动摇；<br/>有理想的人生目标，对自己及他人都有极高的要求和期望；<br/>逻辑思维能力强，善于分析并勤于钻研，能把握机会向他人充分展现自己的能力；<br/>具有较强的全局观，能把握住整体局面，富有开创精神和创造力；<br/>做事有主见，有条理，要求效率。<br/>您是极为有利的领导人和决策者，能明察一切事物中的各种可能性，喜欢发号施令。<br/>是天才的思想家，做事深谋远虑、策划周全。事事力求做好，生就一双锐眼，能够一针见血的发现问题并迅速找到改进方法。', '满意的事业是，做领导、发号施令，完善企业的运作系统，使系统高效运行并如期达到目标。喜欢从事长远战略规划，寻求创造性的解决问题的方式。', '首席执行官||网络专家||管理顾问||政客/行政管理专员||授权商||公司财务/融资律师||个人理财顾问||房地产开发商||（后勤、电脑信息服务和组织重建）顾问||销售主管||环保工程师||知识产权律师||投资顾问/计划员||经济分析师||化学工程师||教育顾问||法官||（人事、销售、营销）经理||技术培训人员||国际销售经理||特许经营业主||程序员', '你是一个个性鲜明的人，但是有时你的直率与坚定会给别人一种气势居高临下的感觉，加上你的不断追求完美的特点，因此，你会给朋友或同事在无形中造成一种难以言传的压力。多留心一下你周围的经验比较多的长者，他们的处事方式会给你一些借鉴。');
INSERT INTO `cp_mbti_result` VALUES ('4', 'ENTP', '发明家（外向、直觉、思考、认知型）', '您是性格开朗的人，爱好比较广泛，待人友情，富有个人魅力；<br/>你的头脑反应非常快，富有想象力，有时候你会非常相信自己的直觉；<br/>你对任何事物都充满了好奇心，但是有时候你的思想里充满了自己即有的念头，所以令别人不容易了解你的想法；<br/>你有一个富有逻辑的头脑，对事物有自己独到的分析能力；你并不太拘泥于过多的礼节。<br/>好激动、健谈、聪明、是个多面手。总是孜孜以求的提高自己的能力。天生有创业心、爱钻研、机敏善变、适应能力强。', '满意的工作是：有机会从事创造性解决问题的工作。工作有一定的逻辑顺序和公正的标准。希望通过工作能提高个人权力并常与权力人物交流。', '企业家||投资银行家||风险投资商||职业规划师||管理营销顾问||广告文案 ||电台/电视座谈节目主持||政客||房地产开发商||后勤顾问||投资银行业职员||广告创意指导||发明家||演员||战略规划家||大学校长/学院院长||互联网营销人员||广告创意指导||人事系统开发人员||投资经纪人||工业设计经理||金融规划师||营销策划人员||国际营销商', '你待人热情，但有时候你会因为自己的“不拘小节”而忽略了别人的感受，你应当学着更多地去体谅朋友或同事的心；你相信自己的感觉，并且会一五一十的推敲，但也会忽略让别人认识你的思想，去弥补一下吧，这会改善你的人际关系。');
INSERT INTO `cp_mbti_result` VALUES ('5', 'ESFJ', '供给者/销售员（外向、实感、情感、判断型）', '您待人友善，做事主动、充满活力；与人友好且注重礼节，天生一副热心肠并乐意帮助他人，易让人产生好感；<br/>善于言表并能体谅他人，具有团队合作精神；<br/>做事勤恳、务实，不好夸夸其谈，能得到上司的信任并得以重任，工作尽职尽责；<br/>有较高的敏感度，有时也容易受到伤害；<br/>条理性强，遵守常规，有责任心。<br/>喜欢通过直接合作以切实帮助别人。<br/>由于尤其注重人际关系，因而通常很受人欢迎，也喜欢迎合别人。<br/>您的态度认真、于是果断、通常表达意见坚决。', '满意的事业是：整天与人交往，密切参与整个决策流程。工作的目标明确，有明确的业绩标准。希望能组织安排自己及及周围人的工作，以确保一切进展得尽可能顺利。', '房地产代理商||兽医||特殊教育老师||零售业主||信用顾问||员工援助顾问（EAP）||体能训练师||护士||家庭保健员||人力资源顾问||餐饮业者||营销经理||办公室经理||信贷顾问||口笔译人员||个人健康训练师||旅游代理||食品服务业主||运动教练||推拿/理疗师||商品计划员/采购员||公关客户经理||个人银行业务员||销售代表||零售业主||房地产经纪人||电话营销员||接待员||簿记员', '你是一个非常友好和善良的人。但有时候你会因为别人对你的善意不理解而变得很失望。其实，这是正常的，因为在这个社会上的人都不是完美的。所以，想象这是个不完美的世界，并且尽量在你的能力范围内慢慢学会适应别人，你会变得快乐。当然，不要忘掉你善良的心愿！');
INSERT INTO `cp_mbti_result` VALUES ('6', 'ESFP', '表演者/示范者（外向、实感、情感、认知型）', '热心肠，乐于帮助人，对人宽宏大量，有情趣；<br/>对任何事物都充满了好奇，有探索精神，喜欢尝试新事物，有时处事易冲动；<br/>您非常富有爱心，温文而雅，易于察觉周围事物的细微变化；<br/>您能很快的与他人建立良好的人际关系，但您心中始终持有即有的念头，让他人无法轻易的了解到您的真实想法；<br/>做事喜欢主动出击、自主性强，工作负责；<br/>对生活充满了热情，有较强的观察力，对自然界有深刻的认识。<br/>生性爱玩、充满活力，用自己的陶醉来为别人增添乐趣。<br/>适应性强，平易随和，可以热情饱满的同时参加几项活动。不喜欢把自己的意志强加于人。', '适合的工作是：能在实践中学习，利用尝试搜集各种事实来寻找问题的解决方案；喜欢直接与顾客和客户打交道；能同时在几个项目或活动中周旋。尤其爱从事能发挥自己审美观的项目或活动。', '儿童早期教育者||牙医||生理治疗师||家庭保健员||公关专员||放射技术专家||职业治疗师||旅游代理/工作者||促销员||团队培训人员||表演人员||社会工作者||融资者||演员||兽医||特殊事件协调员||海洋生物学家||运动设备销售员||公关专业人士||劳工关系调解人||零售经理||商品规划师||旅游项目经营者||特别事件的协调人||旅游销售经理||保险代理/经纪人', '你的热情和爱心使你非常自信，但有时你对某个问题的自信稍许有些盲目。其实，你大可以多些时间收集或准备你将要付诸努力的内容（如大到一个计划，小到人际沟通），你都可以试着放慢慢一些节奏，这会带给你更多成功。');
INSERT INTO `cp_mbti_result` VALUES ('7', 'ESTJ', '督导/监督者（外向、实感、思考、判断型）', '待人友善，与人相处坦诚率直， 精力旺盛、充沛；<br/>富有成果，思路清晰、做事有条理，效率高；<br/>能从实际情况出发思考问题，讲求实效性，对事物的感知力强，但对于新的或未证实的观点常常表示怀疑；<br/>做事果断、有较好的决断力，但有时也会因固持己见而使自己处于孤立的局面；<br/>处事严谨，传统，富有责任感。办事能力强，喜欢出风头。<br/>责任心强、诚心诚意、忠于职守。喜欢框架，能组织各种细节工作，能如期实现目标并力求高效。', '适合做理顺事实和政策以及人员组织工作，能够有效利用时间和资源已找出合乎逻辑的解决方案，在目标明确的工作中能运用娴熟的技能。希望工作测评标准公正。', '业务主管||军官||首席信息官||运动商品销售员||律师专职助手||房地产开发商||预算分析员||健康管理员||数据库管理||后勤与供应经理||证券经纪人||普通承包商||公司财务/融资律师||药剂师||信用顾问||保险代理||贸易/实业/技术教师||财产管理||银行官员||项目经理||信息总监||业务运作顾问||电脑分析人员||工厂主管', '你严谨的作风和追求效率的特点会使别人感觉你的能力比较强；你是一个诚实可信、直言不讳的人，但有时也会因此而得罪人，影响到人际关系的融洽；另外，你太多的主见会让人觉得你太要强了，因此使人很难接近你。学着幽默些吧，你会大大改善自己的人际关系。');
INSERT INTO `cp_mbti_result` VALUES ('8', 'ESTP', '发起者（外向、实感、思考、认知型）', '喜欢挑战，具有冒险精神，主动开创；擅于言表，对新鲜事物充满了好奇心，愿意尝试；<br/>喜欢自然、随意，对不同环境的适应性强，追求精神自由；<br/>逻辑思维能力强，喜欢思考，待人接物又极富幽默感和趣味性，对周围的人有吸引力；<br/>进入新环境初期较能遵循章法，但时久生厌，有冲破约束的倾向。<br/>您无忧无虑，属乐天派。活泼、随和、率性，喜欢安于现状，不愿从长计议。<br/>由于他们能够接受现实，一般心胸豁达、包容心强。<br/>喜欢玩实实在在的东西，善于拆拆装装。', '事业满意度来自这种工作：能随意与许多人交流；工作中充满冒险和乐趣，能冒险和随时抓住新的机遇；工作中当自己觉得必要时希望自我组织，而不是听从别人的安排。', '医疗急救技术员||运动商品销售员||股票经纪人||体能训练师||保险代理||土木工程师||企业家||海洋生物学家||私人调查员||预算分析员||综合网络专业人士||促销商||新闻记者||旅游代理||职业运动员/教练||承包商||电子游戏开发人员||房地产开发商||业务运作顾问||个人理财专家||证券经纪人||银行职员||技术培训人员||旅游代理||手工艺人||土木/工业/机械工程师', '你不喜欢呆板死气沉沉的工作，这固然没错，但这也决定了你有时候会“坐不住”，因此给人以不太忠实的感觉。学会调节自己，适当控制自己的情绪，会使你更加受欢迎。');
INSERT INTO `cp_mbti_result` VALUES ('9', 'INFJ', '咨询师/劝告者（内向、直觉、情感、判断型）', '有创造力，动力十足，独立性强；擅于思考，热心并愿意帮助他人，易于察觉周围事物的细微变化；<br/>能从全局考虑问题，对某些事物有自己独到的见解并对此充满了激情；<br/>处事谨慎、小心，通常带有一定难度工作的进一步开展往往是深思熟虑后的行动表现，做事有步骤、有条理、按计划行事；<br/>对事物有自己的看法，多产；举止有度、有礼节。<br/>极富创意。情感强烈、原则性强且具有良好的个人品德，善于独立进行创造性思考。<br/>即使面对怀疑，对自己的观点仍坚信不疑。看问题常常更能入木三分。', '如意的事业就是，能从事创新型的工作，主要是能帮助别人成长。喜欢生产或提供一种自己能感到自豪的产品或服务。工作必须符合个人的价值观。', '特殊教育人员||健康顾问||设计/建筑师||全面健康医师||培训师||言语医师||职业规划师||企业组织发展顾问||企业培训人员||编辑/艺术指导（杂志）||生涯顾问||环保律师||心理咨询师/治疗师||编辑/艺术指导（网站）||作家||调解员||宗教教育者||人力资源经理||营销人员||职位分析人员||媒体特约规划师||口译人员||社会科学工作者||宗教教育指导者', '小心谨慎会让你处事得体，但有时候过多的小心会让你失去一些机会，有时候你可以大胆些，放松自己去尝试一次冒险，也许会得到意想不到的效果。 ');
INSERT INTO `cp_mbti_result` VALUES ('10', 'INFP', '治疗师/导师/化解者（内向、直觉、情感、认知型）', '安静、有节制，待人友好善良；感情丰富，对事物的细微变化察觉能力强，敏感而容易受到伤害；<br/>您对周围的人或事物充满着热爱之情，愿意尽心尽力的帮助他人；<br/>有创新精神，富有创造力，想象力丰富；对小事情充满了好奇心，处理事情有弹性、变通性强；不拘于条条框框或繁文缛节。<br/>珍视内在和谐胜过一切。您敏感、理想化、忠心耿耿，在个人价值观方面有强烈的荣誉感。<br/>如果能献身自己认为值得的事业，便情绪高涨。<br/>在日常事务中，通常很灵活、由包容心，但对内心忠诚的事业义无反顾。\r\n您很少表露强烈的情感，常显得镇静自若、寡言少语。不过，一旦相熟，也会变得十分热情。', '适合的工作是，做合乎个人价值观、能通过工作陈述自己远见的工作；工作环境需要有灵活的结构，在自己激情高昂时可以从事各种项目；能发挥个人的独创性。', '心理学家||人力资源工作者||心理治疗师||研究人员||法律调解人||员工发展专员||社会工作者||艺术指导||图书馆管理员||时装设计师||建筑师||顾问||推拿/健康医师||编辑/美术指导（网站）||人力资源开发专业人员||社会科学工作者||团队建设顾问||职业规划师||编辑||记者||口笔译人员||娱乐业人士||研究工作者||心理学专家', '你的自信和热情让你倍受人爱。应当说，你是一个大度的人，但有时你因为太多地注重了细节而给他有些斤斤计较的感觉，有时你会因此而苦恼；另外，你因为“大度”而有时忽略了别人的感受，会影响到别人对你的评价。放松并大胆些吧，有你诚挚的心与他们交流。');
INSERT INTO `cp_mbti_result` VALUES ('11', 'INTJ', '智多星/科学家/策划（内向、直觉、思考、判断型）', '自主性强，但有时会显得有些孤僻，思维敏捷、反应快，聪明有智慧；<br/>您的想象力非常丰富，对已有存在的事物具有变革精神，独特；<br/>逻辑性思维，善于分析，对事物的分辨能力强，有独特的看法，常常会批判性的看问题；<br/>对事物充满好奇心并喜欢研究，有极强的学习动力以增长知识与能力；<br/>社交方面很谨慎，做事条理性强，确定性高。<br/>您是完美主义者。强烈要求自主、看中个人能力、对自己的创新思想坚定不移，并受其驱使去实现自己的目标。<br/>逻辑性强由判断力，才华横溢，对人对己要求严格。<br/>您独立性最强，喜欢我行我素。面对反对意见，通常多疑、霸道、毫不退让。对权威本身，毫不在乎，但只要规章制度有利于长远目标发展就能遵守。', '适合的工作是：能创造和开发新颖的解决方案来解决问题或改进现有系统；愿意与责任心强，在专业知识、智慧和能力方面能赢得自己敬佩的人合作；喜欢独立工作，但需要定期与少量智囊人物切磋交流。', '知识产权律师||新闻分析员||设计工程师||生物医学研究者||网络专家||软件开发人员||经济学者||金融规划师||运作研究分析人员||综合网络专业人员||精神病医师||发明家||媒介专员 ||首席财务官||网站管理员||建筑师||管理顾问||国际银行业务职员||信息系统开发商||自由撰稿人||心脏病专家', '你是一个心境很高的人，你非常自信；但是有时候你因为太相信自己和你的反叛，而在不经意之间给别人留下有点不太合群的味道，这样的个性可能会影响您与他人的交往。所以，有时候对一些细枝末节的事情，不必在意太多。对人对事都放宽容些，你会变得更快乐。');
INSERT INTO `cp_mbti_result` VALUES ('12', 'INTP', '建筑师/设计师（内向、直觉、思考、认知型）', '安静、独立，注重私密；做事有逻辑，条理性强，客观、实事求是、不易动感情；<br/>有创新精神，动力十足、革新意识很强，能很好的从全局看及考虑问题；<br/>对事物充满了好奇心，喜欢研究，有动力不断加强自己的能力；<br/>随意，对新事物或新环境适应力强；不墨守成规，在与人交往的过程中已经即有存在的念头令别人不容易很快的了解你。<br/>您善于解决抽象问题。经纶满腹，时能闪现出创造的睿智火花。外表恬静，内心专注，总忙于分析问题。不光挑剔，独立性极高。', '事业满意源自这样的工作：能酝酿新观念；专心负责某一创造性流程，而不是最终产品。在解决复杂问题时，能让您跳出常规的框框，冒一定风险去寻求最佳解决方案。', '计算机软件设计/开发人员||风险投资商||法律调解员||财务分析||经济学者||大学教授（哲学/经济学）||音乐家||知识产权律师||网站设计人员||金融规划师||变革管理顾问||调查员||战略规划家||神经科医师||网络专家||医药研究人员||电脑软件设计师||系统分析人员||研究开发专业人士||战略规划师||信息服务开发商||企业金融律师', '你的稳健为你的处事增加了不少的理解，但是因为你有时过于追求明确的结果让你给别人留下严肃的味道；适当地学一些轻松的表达方式，会给你的人际交往与沟通带来意想不到的结果，比如有时候你也学者开个善意的玩笑，会大大活跃你所处的环境。');
INSERT INTO `cp_mbti_result` VALUES ('13', 'ISFJ', '保护者（内向、实感、情感、判断型）', '温文而雅，做事谨慎、小心，擅于思考；<br/>对于未了解的事物起初比较谨慎、犹豫，在有了一定接触和了解后则会变得亲切和有爱心；<br/>行动前需有根有据，比较注重书面调查依据，关心物质世界的变化；<br/>对个人标准总不妥协，因此也容易受到冒犯；勤勉，有道德责任感；<br/>做事有条理，遵守常规，对事物有一套自己的看法。<br/>忠心耿耿、一心一意、富有同情心，喜欢助人为乐。<br/>有很强的职业道德，一旦觉得自己的行动确有帮助，便会担起重担。', '满意的工作是，需要细心观察和精确性要求极高的工作。需要通过不声不响的在背后工作以表达自己的情感投入，但个人贡献要能得到承认。', '护理医师 ||营养学家||家庭保健员||初级学校工作者||图书管理员/档案管理员||室内装潢师||律师助手||人事管理人员||数据库经理||信息总监||后勤与供应经理||业务运作顾问||工厂主管||计帐员||福利院工作者 ||导师/顾问||特殊教育工作者||旅馆业主||系谱学者||项目经理||客户服务代表  ||电脑分析人员||保险代理||普通承包商||证券经纪人||信用顾问', '你不喜欢挑战，所以在现代的竞争环境里会大大削减你的竞争力；学着让自己果断一些，你会遇到更多的机会，无论是工作还是生活上的。');
INSERT INTO `cp_mbti_result` VALUES ('14', 'ISFP', '作曲家/艺术家（内向、实感、情感、认知型）', '待人友好、善良，谦逊、有极高的同理心；擅于思考，忠诚度高，对自己熟悉的人或事充满热情；<br/>对来自外界的批评感觉敏锐，容易受到伤害；安静，温文而雅，轻言细语；<br/>对新环境的适应能力强，充满了好奇心，做事负责、有较强的责任感；<br/>做事讲求实际，务实不夸大，脚踏实地。温柔、体贴、敏感，从不轻言非常个人化的理想及价值观。<br/>他们常通过行动，而非语言来表达热烈的情感。这种人有耐心、能屈能伸、且十分随和、无意控制他人。他们从不妄加判断或寻求动机和意义。', '适合的工作是：做非常符合自己内心价值观的工作。在做有益他人的工作时，希望注重细节。他们希望有独立工作的自由，但又不远离其他与自己合得来的人。他们不喜欢受繁文缛节或一些僵化程序的约束。', '护理医师||职业治疗师||室内园艺设计师||客户服务代表||时装设计师||厨师||律师助理||测量员/检查员||护士||海洋生物学者||室内/风景设计师 ||牙科保健医师||推拿医师||旅游顾问/工作者||医师助理||健康顾问||优先顾客销售代表||行政人员||商品规划师||测量师||旅游销售经理||职业病理专业人员', '你安静和务实的性格使你非常受到同事的认同，但有的时候你因为太多地思考别人做事或说话的动机而不太放得开，有时还会因为不理解同事的言行而受到些许的影响。其实，你大可以以你自己开阔的胸怀与同事相处，不必顾虑太多，因为你本身是一个受欢迎的人，只要你能以一颗诚挚的心与同事相处，还怕什么呢？！');
INSERT INTO `cp_mbti_result` VALUES ('15', 'ISTJ', '稽查员/检查者（内向、实感、思考、判断型）', '做事谨慎、小心，观点保守、喜欢安静；<br/>仔细、精确、有条理，逻辑性强，注重书面内容，讲求实际、务实；<br/>诚实、忠诚度高，看问题注重事实依据；<br/>做事喜欢有计划，对于急速变化的适应能力不太强，有时会有“一动不如一静”的想法，比较倾向于安于现状；<br/>工作努力、责任感强，不夸大，脚踏实地。<br/>一丝不苟、认真负责，而且明智豁达，是坚定不移的社会维护者。<br/>讲求实际、非常务实，总是孜孜以求精确性和条例性，而且有极大的专注力。<br/>不论干什么，都能有条不紊、四平八稳的把它完成。', '对您而言，满意的工作是技术性的工作，能生产一种实实在在的产品或由条例的提供一种周详服务。您需要一种独立的工作环境，由充裕的时间让自己独立工作，并能运用自己卓越的专注力来完成工作。', '首席信息官||气象学者||数据库管理||保健管理员||律师助理||出纳/财务工作者||后勤经理||信息总监||预算分析员||工程师技术作者||医学研究者||房地产经纪人||建筑/大厦检查员||农学家||保健医师||生物医学研究者||办公室管理人员||信用分析师||审计员||电脑编程员||证券经纪人||地质学者||会计||文字处理专业人士||侦探', '你有过于谨慎的做事方式，有时这会在不知不觉中影响你做事的效率；有时你还因此失去一些机会，回过头来，你又变得非常后悔。因此，建议你放开一些，主动接受一些有挑战性的东西，这也许会带给你新的机会，至少是不同的生活态度。');
INSERT INTO `cp_mbti_result` VALUES ('16', 'ISTP', '操作者/演奏者（内向、实感、思考、认知型）', '逻辑性强，实用主义，比较注重事实依据；安静，谦逊不自傲，务实，讲求实际；<br/>自主性强，有时会显的有一些孤僻；处事有时不够冷静，容易冲动，对物质世界充满了好奇心，喜欢探究；<br/>对新事物或新环境适应力强，变通、足智多谋；分析事物比较客观，不会轻易动感情。<br/>奉行实用主义，喜欢行动，不爱空谈。长于分析、敏于观察、好奇心强，只相信可靠确凿的事实。\r\n由于非常务实，能很好的利用一切可以利用的资源，而且很会瞧准时机。', '事业满意就是，做尽可能有效利用资源的工作。愿意精通机械技能或使用工具来工作。工作必须有乐趣、有活力、独立性强，且常有机会走出工作室去户外。', '电脑程序员||商业精英||警官||软件开发商||信息服务经理||律师助理||医疗急救技术员||商务专员||私人调查员||信息服务开发人员||海洋生物学者||经济学者||生理治疗专家||园艺服务人员||药剂师||训兽员||证券分析员||银行职员||管理顾问||电子专业人士||技术培训人员||软件开发商||后勤与供应经理', '虽然你是个独立有主见的人，也能够在大部分时间比较有条理的分析事物与事情，但有时你会受到自己的情绪的影响而表现的有些不耐烦。试着想想，你有没有因为这样的性格影响了同事的心情呢？多参与一些同事之间的TeamWork活动吧，你会在同事中大大提升你的形象。');

-- ----------------------------
-- Table structure for cp_qznl
-- ----------------------------
DROP TABLE IF EXISTS `cp_qznl`;
CREATE TABLE `cp_qznl` (
  `id` int(10) NOT NULL auto_increment,
  `mid` int(10) default NULL COMMENT '用户ID',
  `uname` varchar(20) default NULL COMMENT '姓名',
  `result` int(4) default NULL COMMENT '测评结果',
  `answer` varchar(255) default NULL COMMENT '答案',
  `uptime` int(10) default NULL COMMENT '更新时间',
  PRIMARY KEY  (`id`),
  KEY `mid` (`mid`)
) ENGINE=MyISAM AUTO_INCREMENT=13 DEFAULT CHARSET=utf8;

-- ----------------------------
-- Records of cp_qznl
-- ----------------------------
INSERT INTO `cp_qznl` VALUES ('11', '10', '洪向荣', '27', '1,1,1,1,1,1,1,1,1,1,1,1,1,1,1,1,1,1,1,1,1,1,1,1', '1425267613');
INSERT INTO `cp_qznl` VALUES ('12', '10', '洪向荣', '57', '2,2,2,2,2,2,2,2,2,2,2,2,2,3,4,4,4,4,4,4,4,4,4,4', '1425550282');
INSERT INTO `cp_qznl` VALUES ('10', '13', '洪向荣', '80', '2,2,2,2,2,2,2,2,2,2,2,2,3,3,3,3,3,3,3,3,3,3,3,3', '1424940443');

-- ----------------------------
-- Table structure for cp_zyfx
-- ----------------------------
DROP TABLE IF EXISTS `cp_zyfx`;
CREATE TABLE `cp_zyfx` (
  `id` int(10) NOT NULL auto_increment,
  `mid` int(10) default NULL COMMENT '用户ID',
  `uname` varchar(20) default NULL COMMENT '姓名',
  `zywt` text,
  `q1` text,
  `q2` text,
  `q3` text,
  `q4` text,
  `q5` text,
  `q6` text,
  `q7` text,
  `q8` text,
  `q9` text,
  `q10` text,
  `q11` text,
  `q12` text,
  `q13` text,
  `q14` text,
  `q15` text,
  `q16` text,
  `q17` text,
  `q18` text,
  `q19` text,
  `q20` text,
  `q21` text,
  `q22` text,
  `uptime` int(10) default NULL COMMENT '更新时间',
  PRIMARY KEY  (`id`),
  KEY `mid` (`mid`)
) ENGINE=MyISAM AUTO_INCREMENT=10 DEFAULT CHARSET=utf8 COMMENT='职业规划分析表';

-- ----------------------------
-- Records of cp_zyfx
-- ----------------------------
INSERT INTO `cp_zyfx` VALUES ('5', '3', '洪向荣', '主要问题：主要问题：主要问题：主要问题：主要问题：主要问题：主要问题：主要问题：', '0.0', '2、当初你是如何选择现在这个专业/职业的（学习的/工作的）？', '3、你满意自己现在的学习状况吗？为什么？有没有偏科情况？对哪些学科很感兴趣或不感兴趣？', '4、你考虑过自己的职业目标吗？是如何考虑的？你认为理想的职业应具备哪几个要素？', '5、你对什么特别感兴趣？你认为自己有什么特长？', '6、你有没有特别想成为哪类人？请描述一下你想要的生活。', '6、你有没有特别想成为哪类人？请描述一下你想要的生活。', '8、你现在或前不久或准备参加的培训课程，你是如何选择的？你想参加此类培训目的是什么？', '8、你现在或前不久或准备参加的培训课程，你是如何选择的？你想参加此类培训目的是什么？', '8、你现在或前不久或准备参加的培训课程，你是如何选择的？你想参加此类培训目的是什么？', '你想参加此类培训目的是什么？', '你想参加此类培训目的是什么？', '你想参加此类培训目的是什么？', '你想参加此类培训目的是什么？', '你想参加此类培训目的是什么？', '你想参加此类培训目的是什么？', '你想参加此类培训目的是什么？', '你想参加此类培训目的是什么？', '你想参加此类培训目的是什么？', '你想参加此类培训目的是什么？', '你想参加此类培训目的是什么？', '你想参加此类培训目的是什么？', '1417163842');
INSERT INTO `cp_zyfx` VALUES ('6', '7', '洪向荣', '主要问题：', '0.0', '', '', '', '', '', '', '', '', '', '', '', '', '', '', '', '', '', '', '', '', '', '1418805526');
INSERT INTO `cp_zyfx` VALUES ('7', '10', '洪向荣', '主要问题：主要问题：主要问题：主要问题：主要问题：主要问题：主要问题：主要问题：', '0.0', '2、当初你是如何选择现在这个专业/职业的（学习的/工作的）？', '3、你满意自己现在的学习状况吗？为什么？有没有偏科情况？对哪些学科很感兴趣或不感兴趣？', '4、你考虑过自己的职业目标吗？是如何考虑的？你认为理想的职业应具备哪几个要素？', '5、你对什么特别感兴趣？你认为自己有什么特长？', '6、你有没有特别想成为哪类人？请描述一下你想要的生活。', '6、你有没有特别想成为哪类人？请描述一下你想要的生活。', '8、你现在或前不久或准备参加的培训课程，你是如何选择的？你想参加此类培训目的是什么？', '8、你现在或前不久或准备参加的培训课程，你是如何选择的？你想参加此类培训目的是什么？', '8、你现在或前不久或准备参加的培训课程，你是如何选择的？你想参加此类培训目的是什么？', '你想参加此类培训目的是什么？', '你想参加此类培训目的是什么？', '你想参加此类培训目的是什么？', '你想参加此类培训目的是什么？', '你想参加此类培训目的是什么？', '你想参加此类培训目的是什么？', '你想参加此类培训目的是什么？', '你想参加此类培训目的是什么？', '你想参加此类培训目的是什么？', '你想参加此类培训目的是什么？', '你想参加此类培训目的是什么？', '你想参加此类培训目的是什么？', '1417163842');
INSERT INTO `cp_zyfx` VALUES ('8', '15', '40407', '请在此处列出专家咨询时需要解决的主要问题：', '0.0', '2、对于自己的职业状态，你最满意的是什么，最不满意的是什么？可结合生活状态共同考虑。', '3、对于上述1、2中的困惑与问题，你已经做过哪些努力，成效如何？', '4、您所在公司的现状如何（如：规模、市场核心产品、核心竞争力、主要竞争对手、管理模式/状况）？请谈谈目前所处行业发展状况和企业发展', '时间#@#时间#@#3#@#4#@#5#@#6#@#7#@#8#@#9#@#0#@#11#@#12#@#13#@#14', '1#@#2#@#3#@#4#@#5#@#6#@#7#@#8#@#9#@#0#@#11#@#12#@#13#@#15#@#14#@#16#@#16#@#16', '7、你现在或前不久参加过哪些培训课程？你计划参加哪些培训？出于什么目的？', '8、请回想一下，你的童年有什么特别吗？是否对你的职业发展有什么影响？', '9、在以往的经历中有哪些人或事情对你的影响比较大，产生什么样的影响？', '10、请详细谈谈以往的经历中给您带来极大成就感的一两件事。', '11、感觉特别有困扰的是什么？举例说明在职场当中，你碰到的最烦心的事是什么？', '12、认真思考一下你是怎样的一个人。身边的人通常怎么评价你？自己怎么评价？（请用事例说明）', '13、分别谈谈自己的优势及劣势。请至少分别列出三项以上，并用实例说明。', '14、请从身材、相貌、体力、健康等多角度仔细分析一下自己的生理条件？有什么优势与不足？', '15、你的激情在哪一方面？有什么事情会即使没有任何报酬，你都乐此不疲，请仔细想想，列举三件实例。', '16、你有没有特别想成为哪类人？请描述一下你想要的生活？', '17、你考虑过自己的职业目标吗？你认为理想的职业应具备哪几个要素？（请举实例说明）', '18、你曾经希望到怎样的公司去，你认为它对你的吸引力体现在何处（请举例）？你希望你的团队伙伴具有怎样的特征？', '19、在你做出理想的职业选择时，地域选择方面有哪些特殊要求？', '20、你觉得阻碍你发展的最大因素是什么？还有哪些因素/人会影响到你的职业选择/发展？你的爱人/父母对你的职业选择/发展有何意见？你的压力主要来自哪些方面？', '21、你觉得如果需要将个人职业发展相关的情况分析得更透彻些，还有什么需要补充的？', null, '1426488024');
INSERT INTO `cp_zyfx` VALUES ('9', '15', '40407', '请在此处列出专家咨询时需要解决的主要问题：', '0.0', '2、对于自己的职业状态，你最满意的是什么，最不满意的是什么？可结合生活状态共同考虑。', '3、对于上述1、2中的困惑与问题，你已经做过哪些努力，成效如何？', '4、您所在公司的现状如何（如：规模、市场核心产品、核心竞争力、主要竞争对手、管理模式/状况）？请谈谈目前所处行业发展状况和企业发展', '时间#@#时间#@#3#@#4#@#5#@#6#@#7#@#8#@#9#@#0#@#11#@#12#@#13#@#14', '1#@#2#@#3#@#4#@#5#@#6#@#7#@#8#@#9#@#0#@#11#@#12#@#13#@#15#@#14#@#16#@#16#@#16', '7、你现在或前不久参加过哪些培训课程？你计划参加哪些培训？出于什么目的？', '8、请回想一下，你的童年有什么特别吗？是否对你的职业发展有什么影响？', '9、在以往的经历中有哪些人或事情对你的影响比较大，产生什么样的影响？', '10、请详细谈谈以往的经历中给您带来极大成就感的一两件事。', '11、感觉特别有困扰的是什么？举例说明在职场当中，你碰到的最烦心的事是什么？', '12、认真思考一下你是怎样的一个人。身边的人通常怎么评价你？自己怎么评价？（请用事例说明）', '13、分别谈谈自己的优势及劣势。请至少分别列出三项以上，并用实例说明。', '14、请从身材、相貌、体力、健康等多角度仔细分析一下自己的生理条件？有什么优势与不足？', '15、你的激情在哪一方面？有什么事情会即使没有任何报酬，你都乐此不疲，请仔细想想，列举三件实例。', '16、你有没有特别想成为哪类人？请描述一下你想要的生活？', '17、你考虑过自己的职业目标吗？你认为理想的职业应具备哪几个要素？（请举实例说明）', '18、你曾经希望到怎样的公司去，你认为它对你的吸引力体现在何处（请举例）？你希望你的团队伙伴具有怎样的特征？', '19、在你做出理想的职业选择时，地域选择方面有哪些特殊要求？', '20、你觉得阻碍你发展的最大因素是什么？还有哪些因素/人会影响到你的职业选择/发展？你的爱人/父母对你的职业选择/发展有何意见？你的压力主要来自哪些方面？', '21、你觉得如果需要将个人职业发展相关的情况分析得更透彻些，还有什么需要补充的？', null, '1426488318');

-- ----------------------------
-- Table structure for cp_zymyd
-- ----------------------------
DROP TABLE IF EXISTS `cp_zymyd`;
CREATE TABLE `cp_zymyd` (
  `id` int(10) NOT NULL auto_increment,
  `mid` int(10) default NULL COMMENT '用户ID',
  `uname` varchar(20) default NULL COMMENT '姓名',
  `tcl` float(3,1) default NULL COMMENT '跳槽率',
  `gzfl` float(3,1) default NULL COMMENT '工资福利',
  `jzg` float(3,1) default NULL COMMENT '工作价值感',
  `fzjh` float(3,1) default NULL COMMENT '发展机会',
  `shd` float(3,1) default NULL COMMENT '工作适合度',
  `zzqf` float(3,1) default NULL COMMENT '组织气氛',
  `zwrz` float(3,1) default NULL COMMENT '自我认知',
  `gztj` float(3,1) default NULL COMMENT '工作条件',
  `rjgx` float(3,1) default NULL COMMENT '人际关系',
  `gzrtg` float(3,1) default NULL COMMENT '工作认同感',
  `answer` varchar(255) default NULL,
  `uptime` int(10) default NULL COMMENT '更新时间',
  PRIMARY KEY  (`id`),
  KEY `mid` (`mid`)
) ENGINE=MyISAM AUTO_INCREMENT=2 DEFAULT CHARSET=utf8 COMMENT='测评—职业满意度';

-- ----------------------------
-- Records of cp_zymyd
-- ----------------------------
INSERT INTO `cp_zymyd` VALUES ('1', '15', '40407', '-9.0', '-3.0', '-9.0', '2.0', '-4.0', '-1.0', '5.0', '-6.0', '7.0', '-6.0', '1,5,4,5,1,5,1,5,1,5,5,5,1,1,5,1,1,1,5,1,4,1,5,5,4,2,1,5,1,5,5,4,5,5,1,5,5,1,1,1,5,1,1,1,2,3,4,1,2,5', '1426684125');

-- ----------------------------
-- Table structure for member
-- ----------------------------
DROP TABLE IF EXISTS `member`;
CREATE TABLE `member` (
  `mid` int(10) NOT NULL auto_increment COMMENT '用户id',
  `username` varchar(30) NOT NULL COMMENT '用户名 ',
  `password` varchar(32) NOT NULL COMMENT '用户密码',
  `power_group_id` tinyint(3) NOT NULL COMMENT '用户类型',
  `status` tinyint(3) NOT NULL default '1',
  `jointime` int(10) default NULL COMMENT '注册时间',
  `loginip` varchar(15) default NULL COMMENT '注册IP',
  `logintime` int(10) default NULL COMMENT '登录时间',
  `uname` varchar(36) default NULL COMMENT '名称',
  `sex` enum('保密','女','男') NOT NULL default '保密' COMMENT '性别',
  `birthday` varchar(20) default NULL COMMENT '生日',
  `xuexing` char(2) default NULL COMMENT '血型',
  `jzcity` varchar(20) default NULL COMMENT '居住城市',
  `hkcity` varchar(20) default NULL COMMENT '户口地',
  `xueli` varchar(20) default NULL COMMENT '学历',
  `hunyin` enum('未婚','已婚','保密') NOT NULL default '保密' COMMENT '婚姻',
  `phone` varchar(15) default NULL COMMENT '联系电话',
  `email` varchar(40) default NULL COMMENT '邮箱',
  `address` varchar(255) default NULL COMMENT '联系地址',
  `face` varchar(100) default NULL COMMENT '照片',
  `department` varchar(50) default NULL COMMENT '所在院系',
  `specialty` varchar(50) default NULL COMMENT '专业',
  `class` varchar(20) default NULL COMMENT '班级',
  `studentid` varchar(20) default NULL COMMENT '学号',
  `politics` varchar(20) default NULL COMMENT '政治面貌',
  `health` varchar(100) default NULL COMMENT '健康状况',
  `school` varchar(100) default NULL COMMENT '现读学校 毕业院校',
  `grxx_uptime` int(10) default NULL COMMENT '个人资料更新时间',
  `zxsid` int(10) default NULL COMMENT '咨询师ID',
  `zxtime` int(10) default NULL,
  `zxsj` varchar(50) default NULL COMMENT '咨询时间_客户期望时间',
  `zxbg_id` int(11) default NULL COMMENT '职业分析用表D',
  `zxbg_time` int(11) default NULL COMMENT '职业分析用表D',
  `zxfs` varchar(50) default NULL COMMENT '咨询方式 客户期望值',
  `mbti_id` int(10) default NULL COMMENT 'MBTI职业倾向性测评',
  `mbti_time` int(11) default NULL COMMENT 'MBTI职业倾向性测评',
  `qznl_id` int(10) default NULL,
  `qznl_time` int(11) default NULL,
  `cykxx_id` int(11) default NULL COMMENT '创业可行性',
  `cykxx_time` int(10) default NULL COMMENT '创业可行性 时间',
  `hld_id` int(10) default NULL COMMENT '霍兰德兴趣测评',
  `hld_time` int(11) default NULL COMMENT '霍兰德兴趣测评',
  `zyfx_id` int(11) default NULL COMMENT '职业分析用表C',
  `zyfx_time` int(11) default NULL COMMENT '职业分析用表C',
  `zymyd_id` int(11) default NULL COMMENT '职业满意度',
  `zymyd_time` int(11) default NULL COMMENT '职业满意度',
  PRIMARY KEY  (`mid`),
  KEY `userid` (`username`),
  KEY `pwd` (`password`),
  KEY `mtype` (`power_group_id`)
) ENGINE=MyISAM AUTO_INCREMENT=19 DEFAULT CHARSET=utf8 COMMENT='客户资料  主表';

-- ----------------------------
-- Records of member
-- ----------------------------
INSERT INTO `member` VALUES ('1', '1', '123123', '2', '1', '1416887508', '127.0.0.1', '1426768979', '洪向荣', '男', '1990年1月13日', 'AB', null, '江苏', '专科', '保密', '15013755384', 'hong_xiangrong@163.com', '广东深圳南山北头村', '/uploads/image/20141124/20141124201824_62495.jpg', '电信学院', '计算机信息管理', '09信息1班', '091051730', '党员', '良好', null, '1416831830', null, null, null, null, null, null, null, null, '10', '1424940443', null, null, null, null, null, null, null, null);
INSERT INTO `member` VALUES ('2', '2', '123123', '2', '1', '1416887508', '127.0.0.1', '1418107961', '洪向荣', '男', '1990年1月13日', 'AB', '', '江苏', '专科', '保密', '15013755384', 'hong_xiangrong@163.com', '广东深圳南山北头村', '/uploads/image/20141124/20141124201824_62495.jpg', '电信学院', '计算机信息管理', '09信息1班', '091051730', '党员', '良好', '', '1416831830', null, null, '下周四晚上八点', null, null, null, null, null, '10', '1424940443', null, null, null, null, null, null, null, null);
INSERT INTO `member` VALUES ('3', 'hong3', '4297f44b13955235245b2497399d7a93', '11', '1', '1416887508', '125.88.189.19', '1419919405', '洪向荣', '保密', '1990年1月13日', 'AB', null, '江苏', '专科', '保密', '1513755384', 'hong_xiangrong@163.com', '深圳南山北头村', '/uploads/image/20141125/20141125112103_72633.jpg', '深圳职业技术学院', '计算机信息管理', '09信息1班', '09105173', '党员', '良好', '家里蹲大学', '1416885720', '1', '1417246213', '上午', '1', '1417246213', '电话咨询', '1', '1417245275', '10', '1424940443', null, null, '15', '1417246213', '5', '1417246213', null, null);
INSERT INTO `member` VALUES ('6', '123123', '4297f44b13955235245b2497399d7a93', '11', '1', '1416887508', '125.88.189.19', '1419919405', '洪向荣', '保密', '1990年1月13日', 'AB', '', '江苏', '专科', '保密', '1513755384', 'hong_xiangrong@163.com', '深圳南山北头村', '/uploads/image/20141125/20141125112103_72633.jpg', '深圳职业技术学院', '计算机信息管理', '09信息1班', '09105173', '党员', '良好', '家里蹲大学', '1416885720', '1', '1417246213', '上午', '1', '1417246213', '电话咨询', '1', '1417245275', '10', '1424940443', null, null, '15', '1417246213', '5', '1417246213', null, null);
INSERT INTO `member` VALUES ('13', 'xuesheng2', '4297f44b13955235245b2497399d7a93', '11', '1', null, '14.155.23.43', '1424937073', null, '保密', null, null, null, null, null, '保密', null, null, null, null, null, null, null, null, null, null, null, null, null, null, null, null, null, null, '9', '1424937678', null, null, null, null, null, null, null, null, null, null);
INSERT INTO `member` VALUES ('7', 'xuesheng_old', '4297f44b13955235245b2497399d7a93', '11', '1', null, '14.155.23.31', '1423808902', '洪向荣', '保密', '', '', null, '', '', '保密', '', '', '', '/uploads/image/20141216/20141216165726_34908.jpg', '学生', '计算机信息管理', '09信息1班', '09105173', '', '', null, '1422933565', null, null, '下午', null, null, '面谈咨询', '4', '1423188865', null, null, null, null, null, '1418804752', '6', null, null, null);
INSERT INTO `member` VALUES ('8', 'zixunshi', '4297f44b13955235245b2497399d7a93', '2', '1', null, null, null, null, '保密', null, null, null, null, null, '保密', null, null, null, null, null, null, null, null, null, null, null, null, null, null, null, null, null, null, null, null, null, null, '10', '1424940443', null, null, null, null, null, null);
INSERT INTO `member` VALUES ('10', 'xuesheng', '4297f44b13955235245b2497399d7a93', '11', '1', null, '59.40.253.72', '1426080800', '洪向荣', '保密', '', '', null, '', '', '保密', '', '', '', '', '', '', '', '', '', '', null, null, null, null, null, null, null, null, null, null, null, null, null, null, null, null, null, null, null, null);
INSERT INTO `member` VALUES ('9', 'xuesheng1', 'e10adc3949ba59abbe56e057f20f883e', '11', '1', null, '101.81.113.125', '1423735407', null, '保密', null, null, null, null, null, '保密', null, null, null, null, null, null, null, null, null, null, '深圳职业技术学院', null, null, null, null, null, null, null, null, null, null, null, '10', '1424940443', null, null, null, null, null, null);
INSERT INTO `member` VALUES ('11', 'xuesheng_p', '4297f44b13955235245b2497399d7a93', '0', '1', null, null, null, null, '保密', null, null, null, null, null, '保密', null, null, null, null, null, null, null, null, null, null, null, null, null, null, null, null, null, null, null, null, null, null, null, null, null, null, null, null, null, null);
INSERT INTO `member` VALUES ('12', 'liyan', 'e10adc3949ba59abbe56e057f20f883e', '11', '1', null, '101.81.113.125', '1423532752', null, '保密', null, null, null, null, null, '保密', null, null, null, null, null, null, null, null, null, null, '深圳职业技术学院', null, null, null, '周一至周五|2015-3-1', null, null, '面谈咨询', '6', '1423471000', null, null, null, null, null, null, null, null, null, null);
INSERT INTO `member` VALUES ('14', 'xiaoxian', 'e10adc3949ba59abbe56e057f20f883e', '11', '1', null, '116.226.207.91', '1425017529', null, '保密', null, null, null, null, null, '保密', null, null, null, null, null, null, null, null, null, null, '深圳职业技术学院', null, null, null, null, null, null, null, '10', '1425017758', null, null, null, null, null, null, null, null, null, null);
INSERT INTO `member` VALUES ('15', 'gszc', '4297f44b13955235245b2497399d7a93', '14', '1', '1416887508', '127.0.0.1', '1426769875', '40407', '保密', '出生日期', '血型', '出生地', '户口地', '学历', '保密', '15013755384', 'hong_xiangrong@163.com', 'kf.40407.com', null, null, '专业', null, '', null, null, '深圳职业技术学院', '1426768022', null, null, null, null, null, null, '24', '1426497603', null, null, null, null, '15', '1417246213', '9', '1426488318', '1', '1426685305');
INSERT INTO `member` VALUES ('16', 'admin', '4297f44b13955235245b2497399d7a93', '14', '1', null, null, null, null, '保密', null, null, null, null, null, '保密', null, null, null, null, null, null, null, null, null, null, null, null, null, null, null, null, null, null, null, null, null, null, null, null, null, null, null, null, null, null);
INSERT INTO `member` VALUES ('17', 'hxr', 'e10adc3949ba59abbe56e057f20f883e', '14', '1', null, null, null, null, '保密', null, null, null, null, null, '保密', null, null, null, null, null, null, null, null, null, null, null, null, null, null, null, null, null, null, null, null, null, null, null, null, null, null, null, null, null, null);
INSERT INTO `member` VALUES ('18', 'cp', 'e10adc3949ba59abbe56e057f20f883e', '14', '1', null, null, null, '洪向荣', '男', null, null, null, null, null, '保密', '15013755384', null, null, null, null, null, null, '1', null, null, null, null, null, null, null, null, null, null, null, null, null, null, null, null, null, null, null, null, null, null);

-- ----------------------------
-- Table structure for member_dz1
-- ----------------------------
DROP TABLE IF EXISTS `member_dz1`;
CREATE TABLE `member_dz1` (
  `id` int(11) NOT NULL auto_increment,
  `mid` int(11) NOT NULL COMMENT '用户id',
  `school` varchar(100) default NULL COMMENT '毕业院校',
  `gzage` tinyint(2) default NULL COMMENT '工作年龄',
  `zaizhi` tinyint(1) default '1' COMMENT '是否在职  1 在 -1不在',
  `unit` varchar(50) default NULL COMMENT '工作单位',
  `job` varchar(20) default NULL COMMENT '职务',
  `salary` mediumint(8) default NULL COMMENT '薪资水平',
  `industry` varchar(20) default NULL COMMENT '行业     ---具体下拉填写',
  `problem` varchar(250) default NULL COMMENT '面临的问题     ---多选框',
  `confused` varchar(255) default NULL COMMENT '面临的困惑',
  `resolve` varchar(255) default NULL COMMENT '希望解决',
  `target_job` varchar(20) default NULL COMMENT '目标职务',
  `target_salary` mediumint(8) default NULL COMMENT '目标薪资',
  `honor` text COMMENT '所获证书、荣誉，参加培训',
  PRIMARY KEY  (`id`),
  KEY `mid` (`mid`)
) ENGINE=MyISAM AUTO_INCREMENT=5 DEFAULT CHARSET=utf8 COMMENT='大众资料1 ---普通扩展专属信息';

-- ----------------------------
-- Records of member_dz1
-- ----------------------------
INSERT INTO `member_dz1` VALUES ('1', '1', null, null, '1', null, null, null, null, null, null, null, null, null, null);
INSERT INTO `member_dz1` VALUES ('2', '2', null, null, '1', null, null, null, null, null, null, null, null, null, null);
INSERT INTO `member_dz1` VALUES ('4', '4', null, null, '1', null, null, null, null, null, null, null, null, null, null);

-- ----------------------------
-- Table structure for member_dz2
-- ----------------------------
DROP TABLE IF EXISTS `member_dz2`;
CREATE TABLE `member_dz2` (
  `id` int(10) NOT NULL auto_increment,
  `mid` int(10) NOT NULL COMMENT '用户id',
  `time` varchar(50) default NULL COMMENT '时间',
  `school` varchar(100) default NULL COMMENT '学校',
  `specialty` varchar(50) default NULL COMMENT '专业',
  `xueli` varchar(20) default NULL COMMENT '学历',
  PRIMARY KEY  (`id`),
  KEY `mid` (`mid`)
) ENGINE=MyISAM DEFAULT CHARSET=utf8 COMMENT='大众资料2   --教育背景';

-- ----------------------------
-- Records of member_dz2
-- ----------------------------

-- ----------------------------
-- Table structure for member_dz3
-- ----------------------------
DROP TABLE IF EXISTS `member_dz3`;
CREATE TABLE `member_dz3` (
  `id` int(10) NOT NULL auto_increment,
  `mid` int(10) NOT NULL COMMENT '用户id',
  `time` varchar(50) default NULL COMMENT '时间',
  `unit` varchar(50) default NULL COMMENT '工作单位',
  `job` varchar(20) default NULL COMMENT '职务',
  `job_content` varchar(100) default NULL COMMENT '工作内容',
  `salary` mediumint(8) default NULL COMMENT '薪资水平',
  `cause` varchar(100) default NULL COMMENT '离职原因',
  PRIMARY KEY  (`id`),
  KEY `mid` (`mid`)
) ENGINE=MyISAM DEFAULT CHARSET=utf8 COMMENT='大众资料3   --工作背景';

-- ----------------------------
-- Records of member_dz3
-- ----------------------------

-- ----------------------------
-- Table structure for member_gs1
-- ----------------------------
DROP TABLE IF EXISTS `member_gs1`;
CREATE TABLE `member_gs1` (
  `id` int(11) NOT NULL auto_increment,
  `mid` int(11) NOT NULL COMMENT '用户id',
  `dianhua` varchar(20) default NULL COMMENT '电话',
  `target_job` varchar(20) default NULL COMMENT '目标职务',
  `target_salary` varchar(8) default NULL COMMENT '目标薪资',
  `gznx` varchar(10) default NULL COMMENT '工作年限',
  `gzdw` varchar(30) default NULL COMMENT '工作单位',
  `job` varchar(20) default NULL COMMENT '职务',
  `salary` mediumint(8) default NULL COMMENT '薪资水平',
  `zaizhi` varchar(10) default '1' COMMENT '是否在职  1 在 -1不在',
  `lzyy` varchar(100) default NULL COMMENT '目标职务',
  `hangye` varchar(10) default NULL COMMENT '行业',
  `problem` varchar(250) default NULL COMMENT '面临的问题     ---多选框',
  `zyfz1` text COMMENT '职业发展1',
  `zyfz2` text COMMENT '职业发展2',
  `zyfz3` text COMMENT '职业发展',
  `zyfz4` text COMMENT '职业发展4',
  `zyfz5` text COMMENT '职业发展5',
  `tjsj` varchar(20) default NULL COMMENT '推荐时间',
  PRIMARY KEY  (`id`),
  KEY `mid` (`mid`)
) ENGINE=MyISAM AUTO_INCREMENT=17 DEFAULT CHARSET=utf8 COMMENT='大众资料1 ---普通扩展专属信息';

-- ----------------------------
-- Records of member_gs1
-- ----------------------------
INSERT INTO `member_gs1` VALUES ('16', '1', '', '', '0', '', '', '', '0', '0', null, '0', '职业转型Career Change#@#谋求职业Looking for job', '', '', '', '#@##@##@#', '', '');
INSERT INTO `member_gs1` VALUES ('2', '2', null, null, null, null, null, null, null, '1', null, null, null, null, null, null, null, null, null);
INSERT INTO `member_gs1` VALUES ('4', '4', null, null, null, null, null, null, null, '1', null, null, null, null, null, null, null, null, null);
INSERT INTO `member_gs1` VALUES ('5', '0', '', '', '0', '', '', '', '0', '0', null, '0', '职业转型Career Change#@#谋求职业Looking for job', '', '', '', '#@##@##@#', '', '');
INSERT INTO `member_gs1` VALUES ('6', '0', '', '', '0', '', '', '', '0', '0', null, '0', '职业转型Career Change#@#谋求职业Looking for job', '', '', '', '#@##@##@#', '', '');
INSERT INTO `member_gs1` VALUES ('7', '0', '学历', '目标职务', '0', '工作年限', '工作单位', '', '0', '0', null, '其它', '职业转型Career Change#@#职业规划Career Planning#@#谋求职业Looking for job', '您是通过何种途径了解向阳生涯的？How do you know Sunward Career?', '有清晰的职业发展目标吗？请简述您目前职业状况及期望达成之目标。', '3、请您简要描述您的学习及工作经历。(如附简历，请忽略3、4项) ', '1#@#2#@#3#@#4', '您目前遇到的最大困惑是什么？Which problems do you most concern about?', '推荐时间');
INSERT INTO `member_gs1` VALUES ('8', '0', '学历', '目标职务', '0', '工作年限', '工作单位', '', '0', '在职', null, '其它', '职业转型Career Change#@#职业规划Career Planning#@#谋求职业Looking for job', '您是通过何种途径了解向阳生涯的？How do you know Sunward Career?', '有清晰的职业发展目标吗？请简述您目前职业状况及期望达成之目标。', '3、请您简要描述您的学习及工作经历。(如附简历，请忽略3、4项) ', '1#@#2#@#3#@#4', '您目前遇到的最大困惑是什么？Which problems do you most concern about?', '推荐时间');
INSERT INTO `member_gs1` VALUES ('9', '0', '学历', '目标职务', '目标薪资', '工作年限', '工作单位', '', '0', '在职', null, '其它', '职业转型Career Change#@#职业规划Career Planning#@#谋求职业Looking for job', '您是通过何种途径了解向阳生涯的？How do you know Sunward Career?', '有清晰的职业发展目标吗？请简述您目前职业状况及期望达成之目标。', '3、请您简要描述您的学习及工作经历。(如附简历，请忽略3、4项) ', '1#@#2#@#3#@#4', '您目前遇到的最大困惑是什么？Which problems do you most concern about?', '推荐时间');
INSERT INTO `member_gs1` VALUES ('10', '0', '学历', '目标职务', '目标薪资', '工作年限', '工作单位', '', '0', '在职', '因', '其它', '职业转型Career Change#@#职业规划Career Planning#@#谋求职业Looking for job', '您是通过何种途径了解向阳生涯的？How do you know Sunward Career?', '有清晰的职业发展目标吗？请简述您目前职业状况及期望达成之目标。', '3、请您简要描述您的学习及工作经历。(如附简历，请忽略3、4项) ', '1#@#2#@#3#@#4', '您目前遇到的最大困惑是什么？Which problems do you most concern about?', '推荐时间');
INSERT INTO `member_gs1` VALUES ('11', '0', '学历', '目标职务', '目标薪资', '工作年限', '工作单位', '', '0', '在职', '因', '其它', '职业转型Career Change#@#职业规划Career Planning#@#谋求职业Looking for job', '您是通过何种途径了解向阳生涯的？How do you know Sunward Career?', '有清晰的职业发展目标吗？请简述您目前职业状况及期望达成之目标。', '3、请您简要描述您的学习及工作经历。(如附简历，请忽略3、4项) ', '1#@#2#@#3#@#4', '您目前遇到的最大困惑是什么？Which problems do you most concern about?', '推荐时间');
INSERT INTO `member_gs1` VALUES ('12', '15', '电话Tel', '目标职务', '800', '工作年限', '工作单位', '职务', '35', '在职', '离职原因', '其它', '专业/职业选择Choice#@#职业适应 Career adaptation', '您是通过何种途径了解向阳生涯的？How do you know Su', '清晰的职业发展目标吗？请简述您目前职业状况及期', '您简要描述您的学习及工作经历。(如附简历，请忽略3', '1#@#2#@#3#@#4', '接受过哪些培训？What kind of training cours', '推荐时间Ag');

-- ----------------------------
-- Table structure for member_ks1
-- ----------------------------
DROP TABLE IF EXISTS `member_ks1`;
CREATE TABLE `member_ks1` (
  `id` int(10) NOT NULL auto_increment,
  `mid` int(10) default NULL COMMENT '用户id',
  `school` varchar(100) default NULL COMMENT '毕业院校',
  `xueli` varchar(20) default NULL COMMENT '学历',
  `unit` varchar(50) default NULL COMMENT '工作单位',
  `job` varchar(20) default NULL COMMENT '职务',
  `gzage` tinyint(2) default NULL COMMENT '工作年龄',
  `idcard` varchar(32) default NULL COMMENT '身份证号码',
  `pxqici` varchar(50) default NULL COMMENT '培训期次',
  `pxaddress` varchar(50) default NULL COMMENT '培训地点',
  PRIMARY KEY  (`id`),
  KEY `mid` (`mid`)
) ENGINE=MyISAM AUTO_INCREMENT=6 DEFAULT CHARSET=utf8 COMMENT='考生资料1 ---普通扩展专属信息';

-- ----------------------------
-- Records of member_ks1
-- ----------------------------
INSERT INTO `member_ks1` VALUES ('3', '3', null, null, null, null, null, null, null, null);
INSERT INTO `member_ks1` VALUES ('5', '5', null, null, null, null, null, null, null, null);

-- ----------------------------
-- Table structure for member_xs1
-- ----------------------------
DROP TABLE IF EXISTS `member_xs1`;
CREATE TABLE `member_xs1` (
  `id` int(10) NOT NULL auto_increment,
  `mid` int(10) default NULL COMMENT '用户id',
  `school` varchar(100) default NULL COMMENT '现读学校',
  `score` varchar(100) default NULL COMMENT '学习成绩',
  `problem` varchar(100) default NULL COMMENT '面临的问题28     ---多选框',
  `confused` varchar(255) default NULL COMMENT '面临的困惑',
  `resolve` varchar(255) default NULL COMMENT '希望解决',
  `target_school` varchar(20) default NULL COMMENT '目标学校',
  `target_specialty` varchar(100) default NULL COMMENT '目标专业',
  `target_company` varchar(50) default NULL COMMENT '目标企业',
  `target_job` varchar(20) default NULL COMMENT '目标职务',
  `target_zhiwu` varchar(20) default NULL COMMENT '目标职务',
  `target_salary` mediumint(8) default NULL COMMENT '目标薪资',
  `honor` text COMMENT '所获证书、荣誉',
  `shetuan` text COMMENT '参加过哪些社团',
  `peixun` text COMMENT '参加过哪些培训',
  PRIMARY KEY  (`id`),
  KEY `mid` (`mid`)
) ENGINE=MyISAM AUTO_INCREMENT=7 DEFAULT CHARSET=utf8 COMMENT='学生资料1	--普通扩展资料';

-- ----------------------------
-- Records of member_xs1
-- ----------------------------
INSERT INTO `member_xs1` VALUES ('3', '3', null, null, '自我认知,人际关系', '遇到的职业规划方面最大困惑', '希望解决', '目标学校', '目标专业', '目标企业', '目标工作', '目标职务', '0', '所获证书、荣誉', '参加过哪些社', '参加过哪些培训');
INSERT INTO `member_xs1` VALUES ('5', '5', null, null, null, null, null, null, null, null, null, null, null, null, null, null);
INSERT INTO `member_xs1` VALUES ('1', '1', '11', '1', '学业规划,了解职业,职业规划,自我提升', '遇到的职业规划方面最大困惑', '希望解决', '清华大学', '计算机', '微软', '开发', '研发', '0', '所获证书、荣誉', '参加过哪些社团', '参加过哪些培训');
INSERT INTO `member_xs1` VALUES ('2', '7', null, null, '专业选择,了解职业,求职指导,自我提升', '撒的范德萨', '撒的发的说法', '对方都是对方说', '阿凡达ADS', '暗室逢灯', '大师傅大风歌', '个发达反对', '0', '大师傅撒的发的', '对方的撒', '撒的发都是');
INSERT INTO `member_xs1` VALUES ('6', '10', null, null, null, '', '', '', '', '', '', '', '0', '', '', '');

-- ----------------------------
-- Table structure for member_xs2
-- ----------------------------
DROP TABLE IF EXISTS `member_xs2`;
CREATE TABLE `member_xs2` (
  `id` int(10) NOT NULL auto_increment,
  `mid` int(10) NOT NULL COMMENT '用户id',
  `family` varchar(20) default NULL COMMENT '家庭成员',
  `name` varchar(20) default NULL COMMENT '姓名',
  `unit` varchar(50) default NULL COMMENT '工作单位',
  `phone` varchar(20) default NULL COMMENT '联系方式',
  `job` varchar(20) default NULL COMMENT '职务',
  PRIMARY KEY  (`id`),
  KEY `mid` (`mid`)
) ENGINE=MyISAM AUTO_INCREMENT=18 DEFAULT CHARSET=utf8 COMMENT='学生资料2   --家庭情况';

-- ----------------------------
-- Records of member_xs2
-- ----------------------------
INSERT INTO `member_xs2` VALUES ('1', '1', 'AAA', '姓名', '工作单位', '联系方式', '职务');
INSERT INTO `member_xs2` VALUES ('2', '1', 'AAA', '姓名', '工作单位', '联系方式', '职务');
INSERT INTO `member_xs2` VALUES ('15', '1', 'BBB', '姓名', '姓名', '姓名', '姓名');
INSERT INTO `member_xs2` VALUES ('16', '3', '家庭成员', 'AA', 'AA', 'AA', 'AA');
INSERT INTO `member_xs2` VALUES ('17', '7', '父亲', '洪XX', '上海', '', '总经理');

-- ----------------------------
-- Table structure for member_xs3
-- ----------------------------
DROP TABLE IF EXISTS `member_xs3`;
CREATE TABLE `member_xs3` (
  `id` int(10) NOT NULL auto_increment,
  `mid` int(10) NOT NULL COMMENT '用户id',
  `name` varchar(50) default NULL COMMENT '教育经验',
  `time` varchar(50) default NULL COMMENT '时间',
  `school` varchar(100) default NULL COMMENT '学校',
  `specialty` varchar(50) default NULL COMMENT '专业',
  `score` varchar(100) default NULL COMMENT '学习成绩',
  PRIMARY KEY  (`id`),
  KEY `mid` (`mid`)
) ENGINE=MyISAM AUTO_INCREMENT=17 DEFAULT CHARSET=utf8 COMMENT='学生资料3   --教育背景';

-- ----------------------------
-- Records of member_xs3
-- ----------------------------
INSERT INTO `member_xs3` VALUES ('1', '1', '教育经历', '学校', '学校', '学习成绩', '校内职务');
INSERT INTO `member_xs3` VALUES ('2', '3', '教育经历', '学校', '学校', '学习成绩', '校内职务');
INSERT INTO `member_xs3` VALUES ('15', '3', '教育经历', 'BB', 'BB', 'BB', 'BB');
INSERT INTO `member_xs3` VALUES ('16', '7', '高中', '上海市第一中学', '上海市第一中学', '优', '班长');

-- ----------------------------
-- Table structure for member_xs4
-- ----------------------------
DROP TABLE IF EXISTS `member_xs4`;
CREATE TABLE `member_xs4` (
  `id` int(10) NOT NULL auto_increment,
  `mid` int(10) NOT NULL COMMENT '用户id',
  `sjname` varchar(50) default NULL COMMENT '社会实践名称',
  `time` varchar(50) default NULL COMMENT '时间',
  `unit` varchar(50) default NULL COMMENT '组织单位',
  `content` varchar(255) default NULL COMMENT '实践内容',
  `harvest` varchar(255) default NULL COMMENT '实践收获35',
  PRIMARY KEY  (`id`),
  KEY `mid` (`mid`)
) ENGINE=MyISAM AUTO_INCREMENT=15 DEFAULT CHARSET=utf8 COMMENT='学生资料4   --社会实践';

-- ----------------------------
-- Records of member_xs4
-- ----------------------------
INSERT INTO `member_xs4` VALUES ('8', '3', '5、你对什么特别感兴趣？你认为自己有什么特长？', '6、你有没有特别想成为哪类人？请描述一下你想要的生活。', '6、你有没有特别想成为哪类人？请描述一下你想要的生活。', '8、你现在或前不久或准备参加的培训课程，你是如何选择的？你想参加此类培训目的是什么？', '5');
INSERT INTO `member_xs4` VALUES ('13', '3', '社会实践', 'CC', 'CC', 'CC', 'CC');
INSERT INTO `member_xs4` VALUES ('14', '7', '阿飞的高的撒个是的', '大概梵蒂冈的飞', '发给师范大学合肥市的花费多少辅导书辅导书d', '撒的发发给啊', '的撒个非放地上高大上高的撒');

-- ----------------------------
-- Table structure for power
-- ----------------------------
DROP TABLE IF EXISTS `power`;
CREATE TABLE `power` (
  `id` int(10) unsigned NOT NULL auto_increment COMMENT '权限编号',
  `pid` int(10) unsigned NOT NULL default '0' COMMENT '所属权限编号，0 为顶级权限',
  `power_site` tinyint(3) unsigned NOT NULL default '1' COMMENT '权限位置，1 = 内部，2 = 导航左侧，3 = 导航右侧',
  `power_name` varchar(50) NOT NULL COMMENT '权限名称',
  `power_ico` varchar(150) default NULL COMMENT '权限图标',
  `power_url` varchar(150) NOT NULL default 'default' COMMENT 'power_url 权限访问路径，default = 默认',
  `power_target` tinyint(3) unsigned NOT NULL default '1' COMMENT '权限目标窗口，1 = 本页，2 = iframe，3 = _blank',
  `rank` int(10) unsigned NOT NULL default '0' COMMENT '排序',
  `status` tinyint(3) unsigned NOT NULL default '1' COMMENT '权限状态，1 = 正常，2 = 关闭',
  PRIMARY KEY  (`id`)
) ENGINE=MyISAM AUTO_INCREMENT=53 DEFAULT CHARSET=utf8 COMMENT='权限表';

-- ----------------------------
-- Records of power
-- ----------------------------
INSERT INTO `power` VALUES ('1', '0', '2', '系统管理', 'images/ico_set.png', 'default', '1', '1', '1');
INSERT INTO `power` VALUES ('2', '1', '1', '系统设置', null, 'default', '1', '1', '0');
INSERT INTO `power` VALUES ('3', '2', '1', '公共设置', null, 'setting/index', '2', '1', '1');
INSERT INTO `power` VALUES ('4', '2', '1', '站点设置', null, 'setting/site', '2', '2', '1');
INSERT INTO `power` VALUES ('5', '2', '1', '后台设置', null, 'setting/admin', '2', '3', '1');
INSERT INTO `power` VALUES ('6', '1', '1', '权限管理', null, 'default', '1', '2', '1');
INSERT INTO `power` VALUES ('7', '6', '1', '添加权限', null, 'power/add', '2', '1', '1');
INSERT INTO `power` VALUES ('8', '6', '1', '权限列表', null, 'power/index', '2', '2', '1');
INSERT INTO `power` VALUES ('9', '6', '1', '添加权限组', null, 'power/group_add', '2', '3', '1');
INSERT INTO `power` VALUES ('10', '6', '1', '权限组列表', null, 'power/group_index', '2', '4', '1');
INSERT INTO `power` VALUES ('11', '1', '1', '管理员', null, 'default', '1', '8', '1');
INSERT INTO `power` VALUES ('12', '11', '1', '添加管理员', null, 'admin/add', '2', '1', '1');
INSERT INTO `power` VALUES ('13', '11', '1', '管理员列表', null, 'admin/index', '2', '2', '1');
INSERT INTO `power` VALUES ('14', '11', '1', '修改密码', null, 'admin/pwd', '2', '3', '1');
INSERT INTO `power` VALUES ('15', '1', '1', '在线测评-院校', '', 'default', '1', '4', '1');
INSERT INTO `power` VALUES ('16', '15', '1', '个人资料_xs', null, 'gxxs/grzl', '2', '1', '1');
INSERT INTO `power` VALUES ('17', '15', '1', '职业测评_xs', null, 'gxxs/zycp', '2', '2', '1');
INSERT INTO `power` VALUES ('18', '15', '1', '测评结果_xs', null, 'gxxs/cpjg', '2', '3', '0');
INSERT INTO `power` VALUES ('19', '15', '1', '职业咨询_xs', null, 'gxxs/zjzx', '2', '4', '1');
INSERT INTO `power` VALUES ('20', '15', '1', '咨询反馈_xs', null, 'gxxs/zxfk', '2', '5', '1');
INSERT INTO `power` VALUES ('21', '15', '1', '咨询报告_xs', null, 'gxxs/zxbg', '2', '6', '1');
INSERT INTO `power` VALUES ('22', '1', '1', '咨询师', null, 'default', '1', '5', '1');
INSERT INTO `power` VALUES ('23', '22', '1', '个人资料_zx', null, 'zxs/grzl', '2', '1', '1');
INSERT INTO `power` VALUES ('24', '22', '1', '客户列表_zx', null, 'zxs/khlb', '2', '2', '1');
INSERT INTO `power` VALUES ('25', '22', '1', '案例准备与报告_zx', null, 'zxs/alzb', '2', '3', '1');
INSERT INTO `power` VALUES ('26', '22', '1', '客户满意反馈_zx', null, 'zxs/khmyfk', '2', '4', '1');
INSERT INTO `power` VALUES ('27', '1', '1', '学校管理员', null, 'default', '1', '6', '1');
INSERT INTO `power` VALUES ('28', '27', '1', '账户权限_gx', null, 'gxgly/zhqx', '2', '1', '0');
INSERT INTO `power` VALUES ('29', '27', '1', '学生资料_gx', null, 'gxgly/xszl', '2', '2', '1');
INSERT INTO `power` VALUES ('30', '27', '1', '职业测评_gx', null, 'gxgly/zycp', '2', '3', '1');
INSERT INTO `power` VALUES ('31', '27', '1', '测评报告_gx', null, 'gxgly/cpbg', '2', '4', '1');
INSERT INTO `power` VALUES ('32', '27', '1', '专家咨询_gx', null, 'gxgly/zjzx', '2', '5', '1');
INSERT INTO `power` VALUES ('33', '27', '1', '咨询反馈_gx', null, 'gxgly/zxfk', '2', '6', '1');
INSERT INTO `power` VALUES ('34', '27', '1', '咨询报告_gx', null, 'gxgly/zxbg', '2', '7', '1');
INSERT INTO `power` VALUES ('35', '27', '1', '咨询师资料_gx', null, 'gxgly/zxszl', '2', '8', '0');
INSERT INTO `power` VALUES ('36', '27', '1', '咨询客户列表_gx', null, 'gxgly/zxkhlb', '2', '9', '0');
INSERT INTO `power` VALUES ('37', '1', '1', '客户咨询管理', null, 'default', '1', '7', '1');
INSERT INTO `power` VALUES ('38', '37', '1', '账户权限_gs', null, 'gsgly/zhqx', '2', '1', '1');
INSERT INTO `power` VALUES ('39', '37', '1', '个人资料_gs', null, 'gsgly/grzl', '2', '2', '1');
INSERT INTO `power` VALUES ('40', '37', '1', '职业测评_gs', null, 'gsgly/zycp', '2', '3', '1');
INSERT INTO `power` VALUES ('41', '37', '1', '测评报告_gs', null, 'gsgly/cpbg', '2', '4', '1');
INSERT INTO `power` VALUES ('42', '37', '1', '专家咨询_gs', null, 'gsgly/zjzx', '2', '5', '1');
INSERT INTO `power` VALUES ('43', '37', '1', '咨询反馈_gs', null, 'gsgly/zxfk', '2', '6', '1');
INSERT INTO `power` VALUES ('44', '37', '1', '咨询报告_gs', null, 'gsgly/zxbg', '2', '7', '1');
INSERT INTO `power` VALUES ('45', '37', '1', '咨询师资料_gs', null, 'gsgly/zxszl', '2', '8', '1');
INSERT INTO `power` VALUES ('46', '37', '1', '咨询客户列表_gs', null, 'gsgly/zxkhlb', '2', '9', '1');
INSERT INTO `power` VALUES ('47', '27', '1', '添加用户_gx', '', 'gxgly/user_add', '2', '1', '1');
INSERT INTO `power` VALUES ('49', '48', '1', '个人资料_职场', '', 'gszc/grzl', '2', '1', '1');
INSERT INTO `power` VALUES ('50', '48', '1', '职业测评_职场', '', 'gszc/zycp', '2', '2', '1');
INSERT INTO `power` VALUES ('48', '1', '1', '在线测评-职场版', '', 'default', '1', '2', '1');
INSERT INTO `power` VALUES ('51', '48', '1', '添加用户_职场', '', 'gszc/user_add', '2', '3', '1');
INSERT INTO `power` VALUES ('52', '48', '1', '职业测评_列表', '', 'gszc/gslist', '2', '4', '1');

-- ----------------------------
-- Table structure for power_ceping
-- ----------------------------
DROP TABLE IF EXISTS `power_ceping`;
CREATE TABLE `power_ceping` (
  `id` tinyint(3) unsigned NOT NULL auto_increment COMMENT '组编号',
  `group_id` varchar(50) NOT NULL COMMENT '组名',
  `ceping_ids` text NOT NULL COMMENT '拥有的权限编号',
  `status` tinyint(3) unsigned NOT NULL default '1' COMMENT '组状态，1 = 正常，2 = 关闭',
  `school` varchar(50) default NULL COMMENT '学校',
  PRIMARY KEY  (`id`)
) ENGINE=MyISAM AUTO_INCREMENT=3 DEFAULT CHARSET=utf8 COMMENT='权限组表';

-- ----------------------------
-- Records of power_ceping
-- ----------------------------
INSERT INTO `power_ceping` VALUES ('1', '11', 'hld,mbti,zyfx,qznl,cykxx', '1', '深圳职业技术学院');
INSERT INTO `power_ceping` VALUES ('2', '14', 'hld,mbti,zyfx,qznl,cykxx', '1', '客户咨询--付费');

-- ----------------------------
-- Table structure for power_group
-- ----------------------------
DROP TABLE IF EXISTS `power_group`;
CREATE TABLE `power_group` (
  `id` tinyint(3) unsigned NOT NULL auto_increment COMMENT '组编号',
  `group_name` varchar(50) NOT NULL COMMENT '组名',
  `power_ids` text NOT NULL COMMENT '拥有的权限编号',
  `group_describe` varchar(100) default NULL COMMENT '权限组描述',
  `status` tinyint(3) unsigned NOT NULL default '1' COMMENT '组状态，1 = 正常，2 = 关闭',
  `school` varchar(50) default NULL COMMENT '学校',
  `type` tinyint(2) default NULL COMMENT '高校组类别',
  PRIMARY KEY  (`id`)
) ENGINE=MyISAM AUTO_INCREMENT=15 DEFAULT CHARSET=utf8 COMMENT='权限组表';

-- ----------------------------
-- Records of power_group
-- ----------------------------
INSERT INTO `power_group` VALUES ('1', 'root', '1,2,3,4,5,6,7,8,9,10,11,12,13,14,19,20,21,22,23,24,25,26,27,28,29,30,31,32,33,34,35,36,37,38,39,40,41,42,43,44,45,46,47,48,51,52,53', '系统最高级管理人，拥有站点所有权限', '1', null, '0');
INSERT INTO `power_group` VALUES ('11', '深职院-学生', '1,15,16,17,19,11,14', '深圳啥啥啥', '1', '深圳职业技术学院', '2');
INSERT INTO `power_group` VALUES ('10', '深职院-老师', '1,27,47,29,30,31,11,14', '深圳啥啥啥', '1', '深圳职业技术学院', '1');
INSERT INTO `power_group` VALUES ('2', '咨询师', '1,22,23,24,25,26', '咨询师及专家', '1', '', '1');
INSERT INTO `power_group` VALUES ('13', '公司管理员', '1,6,7,8,9,10,11,12,13,14,37,38,39,40,41,42,43,44,45,46', '公司管理员', '1', '', '0');
INSERT INTO `power_group` VALUES ('14', '客户咨询--付费', '1,48,50', '付费客户在线测评', '1', '客户', '2');

-- ----------------------------
-- Table structure for zxbg
-- ----------------------------
DROP TABLE IF EXISTS `zxbg`;
CREATE TABLE `zxbg` (
  `id` int(10) NOT NULL,
  `zxsid` int(10) default NULL COMMENT '咨询师ID',
  `zname` varchar(20) default NULL COMMENT '咨询师姓名',
  `mid` int(10) default NULL COMMENT '客户mid',
  `uname` varchar(20) default NULL COMMENT '客户姓名',
  `pxdp` varchar(255) NOT NULL COMMENT '培训点评:',
  `zydp` varchar(255) default NULL COMMENT '职业经历分析 点评',
  `zyjzl` varchar(255) NOT NULL COMMENT '职业竞争力',
  `nssy` int(11) default NULL COMMENT 'MBTI你是属于',
  `xgtd` text COMMENT '性格特点：',
  `shzy` varchar(255) default NULL COMMENT '适合职业',
  `zjjy` text COMMENT '专家建议',
  `hlddp` text NOT NULL COMMENT '职业倾向测验点评  霍兰德',
  `xglj` text COMMENT '一、对该客户性格的理解与评析',
  `lxzy1` text,
  `lxzy2` text,
  `lxzy3` text,
  `jzgfx` text COMMENT '三、职业价值观评析',
  `zhpgyj` text COMMENT '四、职业规划师综合评估意见',
  `fa_qrd` varchar(255) default NULL COMMENT '最佳切入点',
  `fa_fzfx` varchar(255) default NULL COMMENT '职业发展方向',
  `fa_fztd` varchar(255) default NULL COMMENT '职业发展通道',
  `fa_fzly` text COMMENT '客户适合在该领域发展的理由：',
  `fa_cjfa` text COMMENT '与职业目标的差距及应对方案',
  `fa_gxjy` text COMMENT '关于与他人建立关系的建议：',
  `fa_gjjy` text COMMENT '关于工作跟进与计划性的建议：',
  `fa_xdjh` text COMMENT '行动计划',
  `fa_tjsj` text COMMENT '推荐书籍',
  `fa_lszy` text COMMENT '老师赠言',
  `fa_gy` varchar(255) default NULL COMMENT '格特质的语言',
  PRIMARY KEY  (`id`)
) ENGINE=MyISAM DEFAULT CHARSET=utf8 COMMENT='咨询报告';

-- ----------------------------
-- Records of zxbg
-- ----------------------------
INSERT INTO `zxbg` VALUES ('1', '4', '姜飞', '3', '洪向荣', '培训点评', '职业经历分析', '职业竞争力', null, '性格特点：', '适合职业', '专家建议', '职业倾向测验点评', '一、对该客户性格的理解与评析', '1、职业/专业1', '1、职业/专业2', '1、职业/专业3', '三、职业价值观评析', '四、职业规划师综合评估意见', '最佳切入点', '职业发展方向', '职业发展通道', '客户适合在该领域发展的理由：', '与职业目标的差距及应对方案', '关于与他人建立关系的建议：', '关于工作跟进与计划性的建议：', '行动计划', '推荐书籍', '老师赠言', '格特质的语言');

-- ----------------------------
-- Table structure for zxfk
-- ----------------------------
DROP TABLE IF EXISTS `zxfk`;
CREATE TABLE `zxfk` (
  `id` int(11) NOT NULL auto_increment,
  `mid` int(11) default NULL,
  `power_group_id` smallint(5) default NULL COMMENT '组别',
  `uname` varchar(50) default NULL COMMENT '用户姓名',
  `zxs` varchar(50) default NULL COMMENT '咨询师姓名',
  `zxsid` int(10) NOT NULL COMMENT '咨询师ID',
  `zxtime` int(10) default NULL COMMENT '咨询时间',
  `zongping` varchar(20) default NULL COMMENT '总评',
  `fk1` tinyint(2) default NULL,
  `fk2` tinyint(2) default NULL,
  `fk3` tinyint(2) default NULL,
  `fk4` tinyint(2) default NULL,
  `fk5` tinyint(2) default NULL,
  `fk6` tinyint(2) default NULL,
  `fk7` tinyint(2) default NULL,
  `fk8` tinyint(2) default NULL,
  `jianyi` text COMMENT '客户建议',
  `pingjia` text COMMENT '咨询的评价',
  `uptime` int(11) default NULL COMMENT '反馈时间',
  PRIMARY KEY  (`id`)
) ENGINE=MyISAM AUTO_INCREMENT=5 DEFAULT CHARSET=utf8 COMMENT='咨询反馈';

-- ----------------------------
-- Records of zxfk
-- ----------------------------
INSERT INTO `zxfk` VALUES ('3', '3', null, '洪向荣', '洪向荣', '0', null, '不错', '10', '9', '8', '7', '6', '5', '6', '7', '非常感谢您对我们的服务提出宝贵意见。\r\nWe appreciate your advises/suggestions as regard to our services.', '请谈谈您对本次咨询的评价。\r\nPlease kindly give us some remarks on our consultation for you.', '1416930041');
INSERT INTO `zxfk` VALUES ('4', '7', null, null, null, '0', null, '尚可', null, null, null, null, null, null, null, null, '', '', '1418781002');
